inventoryid,inventoryname,numberofitems,location,createdby,lastupdatedby,country,company
1204,screen,94,Oklahoma,wsurpliss0,wsurpliss0,Indonesia,Riffpath
4687,monitor,99,New Jersey,sellick1,sellick1,Russia,Gigazoom
0,hdmi,32,Pennsylvania,gmellenby2,gmellenby2,South Korea,Eare
90,monitor,11,California,zalberts3,zalberts3,Myanmar,Vinte
15174,speaker,87,Texas,rsparway4,rsparway4,Brazil,Quamba
109,laptop,69,Texas,dmetrick6,dmetrick6,Vietnam,Wikivu
97,hdmi,78,Texas,bparsonson7,bparsonson7,Croatia,Photofeed
4,cpu,92,Alaska,rblasing8,rblasing8,Ukraine,Eayo
527,hdmi,32,Michigan,wpanichellia,wpanichellia,Canada,Topicblab
257,mouse,61,New York,mgimblettc,mgimblettc,Sierra Leone,Kaymbo
42,speaker,61,Iowa,lnovillf,lnovillf,United States,Divanoodle
6441,wifi,97,Michigan,vodeegang,vodeegang,China,Yodoo
84039,harddisk,24,Texas,ssloanei,ssloanei,Poland,Tambee
7137,screen,65,Florida,ctincknelln,ctincknelln,Nepal,Twitterbeat
3,cpu,76,Virginia,kpechao,kpechao,Greece,Voonix
182,pen,97,Pennsylvania,bsoreyr,bsoreyr,Albania,Zoozzy
4829,pen,71,Pennsylvania,wdurwards,wdurwards,Italy,Flipbug
87,pen,88,Pennsylvania,ekincadez,ekincadez,Pakistan,Zoovu
40,paper,90,California,ngartery16,ngartery16,Philippines,Blognation
546,harddisk,89,District of Columbia,ekubasiewicz19,ekubasiewicz19,Argentina,Gigabox
2,cpu,15,Oklahoma,mmatisse1g,mmatisse1g,Thailand,Wordtune
5684,wifi,75,Michigan,mlantiffe1h,mlantiffe1h,United Arab Emirates,Oba
22,laptop,42,Pennsylvania,dfigger1k,dfigger1k,Sweden,Browsebug
54121,mouse,9,Pennsylvania,dpimley1n,dpimley1n,Dominican Republic,Thoughtblab
60926,wifi,58,Indiana,boneligan1o,boneligan1o,Colombia,Geba
7,pen,52,Florida,kbridgen1p,kbridgen1p,Peru,Ainyx
89555,harddisk,21,Louisiana,bdargue1r,bdargue1r,Slovenia,Jayo
19733,hdmi,72,Tennessee,bshann1t,bshann1t,Ethiopia,Ailane
3,pen,33,Florida,ischroeder1y,ischroeder1y,Spain,DabZ
8,speaker,14,Massachusetts,dglen24,dglen24,Yemen,Kamba
764,laptop,73,Wisconsin,asibly29,asibly29,South Africa,Bubblemix
49885,hdmi,24,Florida,ascutter2b,ascutter2b,Jordan,Twitterwire
826,speaker,82,Texas,ttrownson2d,ttrownson2d,Afghanistan,Tagpad
677,laptop,16,New Hampshire,reliyahu2e,reliyahu2e,Czech Republic,Twitternation
851,pen,72,Hawaii,nklaggeman2g,nklaggeman2g,Mauritius,Agivu
76921,hdmi,76,District of Columbia,bbalding2h,bbalding2h,France,Photolist
9859,mouse,52,Florida,edufton2k,edufton2k,Tajikistan,Edgeblab
52,laptop,32,Pennsylvania,aashley2o,aashley2o,Germany,Twinte
63,screen,73,Massachusetts,rpaxeford2x,rpaxeford2x,Libya,Eazzy
56,cpu,30,California,ncalbaithe33,ncalbaithe33,Haiti,Linktype
332,hdmi,25,Texas,aprium38,aprium38,Portugal,Midel
798,mouse,52,Florida,aklain39,aklain39,Nigeria,Aimbo
91735,laptop,11,Iowa,lferrers3c,lferrers3c,Kosovo,Zoomzone
92073,monitor,17,Colorado,lriall3q,lriall3q,Barbados,Browsezoom
5,harddisk,49,New York,epeplow3t,epeplow3t,Zimbabwe,Twimm
46,speaker,37,New Jersey,jfiney3w,jfiney3w,Botswana,Flashset
58125,screen,36,Nevada,erolinson4h,erolinson4h,Finland,Jaxbean
6866,screen,90,Virginia,odunton4n,odunton4n,Uganda,Vinder
388,wifi,94,Hawaii,pdoddrell4p,pdoddrell4p,Belarus,Oyoyo
77,speaker,66,Michigan,nwestcott4v,nwestcott4v,Switzerland,Yozio
83164,mouse,96,Ohio,tcolman52,tcolman52,Tanzania,Kwinu
487,mouse,20,Ohio,ddecruze5f,ddecruze5f,Japan,Jabberstorm
440,hdmi,24,Colorado,clivingstone5k,clivingstone5k,Saint Barthelemy,Kwimbee
86602,paper,100,New York,jdows5m,jdows5m,Malaysia,Vipe
87823,wifi,12,Minnesota,emoncey5q,emoncey5q,Guatemala,Fivespan
5221,cpu,95,California,bfrissell5w,bfrissell5w,North Korea,Yodel
25,hdmi,84,Ohio,itenny5y,itenny5y,Honduras,Yakijo
8519,speaker,9,Texas,bkeeves62,bkeeves62,Cape Verde,Thoughtbeat
3,laptop,45,District of Columbia,agoulding63,agoulding63,Mali,Yoveo
897,wifi,58,Massachusetts,iscritch6c,iscritch6c,Saudi Arabia,Devpoint
986,pen,97,Michigan,chollerin6m,chollerin6m,Chad,Flipstorm
462,cpu,39,Florida,pdovey6o,pdovey6o,Kiribati,Yamia
3634,wifi,72,Maryland,cbrockie6q,cbrockie6q,Turkmenistan,Voonder
216,cpu,44,Missouri,cesche6t,cesche6t,Namibia,Rooxo
46698,pen,71,Colorado,bvonderempten6v,bvonderempten6v,Azerbaijan,Dynabox
65,speaker,78,Wisconsin,dfarres71,dfarres71,Mayotte,Blogtags
5713,mouse,27,Texas,mfitt72,mfitt72,Latvia,Jetpulse
72567,monitor,18,Florida,ssapena76,ssapena76,Lithuania,Realmix
8962,cpu,6,Ohio,itroy7k,itroy7k,Mongolia,Meejo
6516,wifi,33,California,vwillard7q,vwillard7q,Iran,Mita
8211,wifi,72,California,mhaggerwood80,mhaggerwood80,Cuba,Buzzster
6,wifi,51,Arizona,cvarcoe83,cvarcoe83,Bulgaria,Voomm
4151,paper,66,Arizona,vhabbon87,vhabbon87,Mexico,Centidel
2,monitor,21,Pennsylvania,ctidridge89,ctidridge89,Venezuela,Skaboo
4,mouse,59,Connecticut,braraty8i,braraty8i,Egypt,Cogidoo
9403,speaker,60,Arkansas,lslainey99,lslainey99,Jamaica,Gabcube
37,screen,75,Louisiana,bwimpey9l,bwimpey9l,Norway,Feednation
512,paper,6,Texas,hyakunin9t,hyakunin9t,Swaziland,Twitterlist
1,speaker,38,Michigan,ttroutbeckad,ttroutbeckad,Chile,Realbuzz
53201,paper,30,Michigan,edashperae,edashperae,New Zealand,Yabox
2,laptop,17,Alaska,kheliotag,kheliotag,Ireland,Mudo
27,harddisk,13,Michigan,lshemwellaj,lshemwellaj,Cambodia,Skynoodle
43888,wifi,65,Texas,thoulstonak,thoulstonak,Tunisia,Quinu
39,screen,97,Florida,cbennettoao,cbennettoao,Democratic Republic of the Congo,Skalith
96,wifi,83,District of Columbia,lseivwrightay,lseivwrightay,Denmark,Janyx
2,cpu,85,South Carolina,jstickneybt,jstickneybt,Turks and Caicos Islands,Shufflester
8768,harddisk,96,California,jmaroc0,jmaroc0,Papua New Guinea,Mydeo
73,laptop,31,Ohio,istanluckcc,istanluckcc,United Kingdom,Katz
48885,speaker,66,Alabama,cdenormanvillecd,cdenormanvillecd,Zambia,Meembee
2,wifi,56,Michigan,rlowniecf,rlowniecf,Somalia,Eimbee
43790,laptop,36,North Carolina,erussoncg,erussoncg,Syria,Brainverse
9517,harddisk,7,California,lgodlipdr,lgodlipdr,Bosnia and Herzegovina,Mydo
8,harddisk,52,District of Columbia,msilcoxdv,msilcoxdv,Kazakhstan,Aivee
541,paper,24,Arizona,jjiraeb,jjiraeb,Macedonia,Minyx
8658,cpu,21,Washington,afindleyeo,afindleyeo,Cook Islands,Zoonoodle
198,screen,66,Arizona,aworsfieldfx,aworsfieldfx,Costa Rica,Devshare
66986,mouse,57,Pennsylvania,dwattingge,dwattingge,Paraguay,Feedmix
8773,screen,82,Kentucky,pkubangv,pkubangv,Morocco,Jamia
17653,monitor,88,Florida,rveneurh9,rveneurh9,Hungary,Yadel
5085,paper,40,Minnesota,lbettisonhs,lbettisonhs,Uruguay,Jabbersphere
3762,laptop,81,California,aaudenisia,aaudenisia,Luxembourg,Dabtype
81,screen,86,Texas,onicklenis,onicklenis,Netherlands,Devify
6,cpu,27,Texas,cmansbridgeje,cmansbridgeje,Bolivia,Eadel
676,pen,73,Montana,sfishbournejm,sfishbournejm,Eritrea,Mybuzz
0,speaker,78,Florida,rparkhousejp,rparkhousejp,Iceland,Digitube
16,hdmi,47,Washington,ztomczykowskikw,ztomczykowskikw,Mauritania,Demizz
88,cpu,76,Michigan,kbosomworthl5,kbosomworthl5,Cameroon,Dynazzy
4,laptop,79,Colorado,fmorgonm5,fmorgonm5,Tokelau,Livepath
125,harddisk,40,New York,mschoenfischmc,mschoenfischmc,Central African Republic,Eamia
97454,hdmi,42,Oklahoma,hhartlymh,hhartlymh,Georgia,Innojam
9,speaker,41,Oregon,aberryn7,aberryn7,Ecuador,Zoomcast
1671,mouse,67,West Virginia,lmchalenm,lmchalenm,Kenya,Quire
0,pen,38,New Jersey,sengallo2,sengallo2,Palestinian Territory,Roombo
573,mouse,39,Nebraska,lioannidiso4,lioannidiso4,Iraq,Buzzbean
37,screen,44,West Virginia,mcockarillpw,mcockarillpw,Comoros,Abatz
81,harddisk,52,Pennsylvania,khaliburnq0,khaliburnq0,Estonia,Meevee
6,laptop,100,California,rsterzakerr9,rsterzakerr9,South Sudan,Babbleblab
596,cpu,70,Wisconsin,wsurpliss0,wsurpliss0,Indonesia,Riffpath
5,monitor,38,District of Columbia,sellick1,sellick1,Russia,Gigazoom
204,pen,69,Illinois,gmellenby2,gmellenby2,South Korea,Eare
7,speaker,53,Virginia,zalberts3,zalberts3,Myanmar,Vinte
316,mouse,10,Florida,rsparway4,rsparway4,Brazil,Quamba
1,screen,86,Idaho,dmetrick6,dmetrick6,Vietnam,Wikivu
24902,mouse,49,New York,bparsonson7,bparsonson7,Croatia,Photofeed
8476,mouse,29,Texas,rblasing8,rblasing8,Ukraine,Eayo
37,speaker,23,Florida,wpanichellia,wpanichellia,Canada,Topicblab
426,speaker,8,Georgia,mgimblettc,mgimblettc,Sierra Leone,Kaymbo
25,screen,84,California,lnovillf,lnovillf,United States,Divanoodle
236,laptop,86,Texas,vodeegang,vodeegang,China,Yodoo
432,paper,58,Texas,ssloanei,ssloanei,Poland,Tambee
7,laptop,70,Massachusetts,ctincknelln,ctincknelln,Nepal,Twitterbeat
15,laptop,42,Georgia,kpechao,kpechao,Greece,Voonix
590,monitor,66,Texas,bsoreyr,bsoreyr,Albania,Zoozzy
29,mouse,32,Florida,wdurwards,wdurwards,Italy,Flipbug
9319,hdmi,96,Ohio,ekincadez,ekincadez,Pakistan,Zoovu
8132,cpu,83,Nevada,ngartery16,ngartery16,Philippines,Blognation
52,screen,69,Oklahoma,ekubasiewicz19,ekubasiewicz19,Argentina,Gigabox
8,cpu,15,California,mmatisse1g,mmatisse1g,Thailand,Wordtune
59,speaker,6,Texas,mlantiffe1h,mlantiffe1h,United Arab Emirates,Oba
60320,harddisk,88,Wisconsin,dfigger1k,dfigger1k,Sweden,Browsebug
2,wifi,21,Florida,dpimley1n,dpimley1n,Dominican Republic,Thoughtblab
565,hdmi,19,Texas,boneligan1o,boneligan1o,Colombia,Geba
29,hdmi,7,Missouri,kbridgen1p,kbridgen1p,Peru,Ainyx
8,mouse,16,Illinois,bdargue1r,bdargue1r,Slovenia,Jayo
1,mouse,32,California,bshann1t,bshann1t,Ethiopia,Ailane
9,laptop,59,Texas,ischroeder1y,ischroeder1y,Spain,DabZ
87,mouse,44,California,dglen24,dglen24,Yemen,Kamba
28898,wifi,6,New York,asibly29,asibly29,South Africa,Bubblemix
14055,monitor,76,Texas,ascutter2b,ascutter2b,Jordan,Twitterwire
75,speaker,76,Oklahoma,ttrownson2d,ttrownson2d,Afghanistan,Tagpad
31867,paper,85,Texas,reliyahu2e,reliyahu2e,Czech Republic,Twitternation
5,screen,58,Texas,nklaggeman2g,nklaggeman2g,Mauritius,Agivu
2,speaker,28,Michigan,bbalding2h,bbalding2h,France,Photolist
20,harddisk,95,New York,edufton2k,edufton2k,Tajikistan,Edgeblab
754,wifi,21,California,aashley2o,aashley2o,Germany,Twinte
90521,wifi,21,Texas,rpaxeford2x,rpaxeford2x,Libya,Eazzy
9571,wifi,80,Florida,ncalbaithe33,ncalbaithe33,Haiti,Linktype
7548,wifi,81,Washington,aprium38,aprium38,Portugal,Midel
96,mouse,6,California,aklain39,aklain39,Nigeria,Aimbo
81,cpu,83,Colorado,lferrers3c,lferrers3c,Kosovo,Zoomzone
50319,laptop,72,Connecticut,lriall3q,lriall3q,Barbados,Browsezoom
8,paper,58,Georgia,epeplow3t,epeplow3t,Zimbabwe,Twimm
3,laptop,95,South Carolina,jfiney3w,jfiney3w,Botswana,Flashset
6,hdmi,88,Florida,erolinson4h,erolinson4h,Finland,Jaxbean
90,harddisk,33,Kansas,odunton4n,odunton4n,Uganda,Vinder
50,speaker,18,District of Columbia,pdoddrell4p,pdoddrell4p,Belarus,Oyoyo
972,cpu,78,Tennessee,nwestcott4v,nwestcott4v,Switzerland,Yozio
1,screen,83,California,tcolman52,tcolman52,Tanzania,Kwinu
5679,wifi,64,Alabama,ddecruze5f,ddecruze5f,Japan,Jabberstorm
595,monitor,44,Massachusetts,clivingstone5k,clivingstone5k,Saint Barthelemy,Kwimbee
479,cpu,26,Wisconsin,jdows5m,jdows5m,Malaysia,Vipe
5,monitor,10,Indiana,emoncey5q,emoncey5q,Guatemala,Fivespan
3676,mouse,41,Kansas,bfrissell5w,bfrissell5w,North Korea,Yodel
33,wifi,59,New York,itenny5y,itenny5y,Honduras,Yakijo
12310,laptop,30,New York,bkeeves62,bkeeves62,Cape Verde,Thoughtbeat
9,pen,20,Hawaii,agoulding63,agoulding63,Mali,Yoveo
84355,laptop,34,Louisiana,iscritch6c,iscritch6c,Saudi Arabia,Devpoint
1947,laptop,41,Washington,chollerin6m,chollerin6m,Chad,Flipstorm
7,screen,73,Connecticut,pdovey6o,pdovey6o,Kiribati,Yamia
13547,laptop,25,California,cbrockie6q,cbrockie6q,Turkmenistan,Voonder
979,speaker,42,Michigan,cesche6t,cesche6t,Namibia,Rooxo
44,screen,35,California,bvonderempten6v,bvonderempten6v,Azerbaijan,Dynabox
93,hdmi,15,Tennessee,dfarres71,dfarres71,Mayotte,Blogtags
85916,paper,76,Virginia,mfitt72,mfitt72,Latvia,Jetpulse
1,monitor,21,Texas,ssapena76,ssapena76,Lithuania,Realmix
3810,pen,16,Kentucky,itroy7k,itroy7k,Mongolia,Meejo
7,monitor,63,Utah,vwillard7q,vwillard7q,Iran,Mita
679,laptop,10,Arkansas,mhaggerwood80,mhaggerwood80,Cuba,Buzzster
8,harddisk,79,California,cvarcoe83,cvarcoe83,Bulgaria,Voomm
34786,hdmi,23,Texas,vhabbon87,vhabbon87,Mexico,Centidel
8,speaker,6,Minnesota,ctidridge89,ctidridge89,Venezuela,Skaboo
4,cpu,34,North Carolina,braraty8i,braraty8i,Egypt,Cogidoo
15057,pen,16,Missouri,lslainey99,lslainey99,Jamaica,Gabcube
3991,cpu,59,Wisconsin,bwimpey9l,bwimpey9l,Norway,Feednation
39,screen,32,Hawaii,hyakunin9t,hyakunin9t,Swaziland,Twitterlist
138,wifi,88,New York,ttroutbeckad,ttroutbeckad,Chile,Realbuzz
7,pen,88,Oregon,edashperae,edashperae,New Zealand,Yabox
6,wifi,88,Florida,kheliotag,kheliotag,Ireland,Mudo
89,speaker,24,Illinois,lshemwellaj,lshemwellaj,Cambodia,Skynoodle
588,monitor,51,Colorado,thoulstonak,thoulstonak,Tunisia,Quinu
806,wifi,18,Massachusetts,cbennettoao,cbennettoao,Democratic Republic of the Congo,Skalith
9,pen,30,Florida,lseivwrightay,lseivwrightay,Denmark,Janyx
359,harddisk,42,Arkansas,jstickneybt,jstickneybt,Turks and Caicos Islands,Shufflester
46,speaker,65,Connecticut,jmaroc0,jmaroc0,Papua New Guinea,Mydeo
43,laptop,30,Michigan,istanluckcc,istanluckcc,United Kingdom,Katz
75955,harddisk,82,Texas,cdenormanvillecd,cdenormanvillecd,Zambia,Meembee
34,hdmi,82,California,rlowniecf,rlowniecf,Somalia,Eimbee
6675,cpu,67,Utah,erussoncg,erussoncg,Syria,Brainverse
9800,monitor,57,Colorado,lgodlipdr,lgodlipdr,Bosnia and Herzegovina,Mydo
5,hdmi,59,Louisiana,msilcoxdv,msilcoxdv,Kazakhstan,Aivee
14,hdmi,99,Idaho,jjiraeb,jjiraeb,Macedonia,Minyx
4598,cpu,61,North Carolina,afindleyeo,afindleyeo,Cook Islands,Zoonoodle
45389,pen,86,Virginia,aworsfieldfx,aworsfieldfx,Costa Rica,Devshare
1,laptop,61,Pennsylvania,dwattingge,dwattingge,Paraguay,Feedmix
0,paper,28,Michigan,pkubangv,pkubangv,Morocco,Jamia
47036,harddisk,100,Michigan,rveneurh9,rveneurh9,Hungary,Yadel
419,paper,53,Nebraska,lbettisonhs,lbettisonhs,Uruguay,Jabbersphere
300,wifi,30,California,aaudenisia,aaudenisia,Luxembourg,Dabtype
6,screen,19,Florida,onicklenis,onicklenis,Netherlands,Devify
2,laptop,44,Maryland,cmansbridgeje,cmansbridgeje,Bolivia,Eadel
6915,harddisk,59,Massachusetts,sfishbournejm,sfishbournejm,Eritrea,Mybuzz
5062,screen,38,Georgia,rparkhousejp,rparkhousejp,Iceland,Digitube
4,laptop,38,Texas,ztomczykowskikw,ztomczykowskikw,Mauritania,Demizz
8,mouse,21,Florida,kbosomworthl5,kbosomworthl5,Cameroon,Dynazzy
5902,hdmi,16,Ohio,fmorgonm5,fmorgonm5,Tokelau,Livepath
3186,laptop,46,Florida,mschoenfischmc,mschoenfischmc,Central African Republic,Eamia
0,harddisk,43,Virginia,hhartlymh,hhartlymh,Georgia,Innojam
4,cpu,30,North Carolina,aberryn7,aberryn7,Ecuador,Zoomcast
7,hdmi,74,Kansas,lmchalenm,lmchalenm,Kenya,Quire
687,monitor,48,Virginia,sengallo2,sengallo2,Palestinian Territory,Roombo
4243,laptop,16,Missouri,lioannidiso4,lioannidiso4,Iraq,Buzzbean
9,mouse,25,Colorado,mcockarillpw,mcockarillpw,Comoros,Abatz
97428,cpu,36,Kentucky,khaliburnq0,khaliburnq0,Estonia,Meevee
96269,speaker,9,Montana,rsterzakerr9,rsterzakerr9,South Sudan,Babbleblab
2,mouse,23,Louisiana,lmochanri,lmochanri,Senegal,Skibox
1,screen,31,Ohio,rsproul6j,rsproul6j,sreichardt6j,Mydo
88,harddisk,70,Oklahoma,tclist6k,tclist6k,amarfe6k,Rhycero
1065,mouse,46,Florida,pmaccrie6l,pmaccrie6l,ldrable6l,Muxo
1,harddisk,57,Minnesota,mmatcham6m,mmatcham6m,slismer6m,Pixoboo
7,cpu,41,Texas,kosmund6n,kosmund6n,mbirchenhead6n,Jatri
17,screen,31,California,rslemming6o,rslemming6o,mlesor6o,Rhyzio
83,hdmi,41,Maryland,lenochsson6p,lenochsson6p,cflegg6p,Skaboo
16239,hdmi,71,Georgia,akemell6q,akemell6q,fbeddingham6q,Zoombeat
57402,speaker,20,Louisiana,bkemble6r,bkemble6r,wjohnsson6r,Buzzster
56,hdmi,100,Kansas,tmacgaughie6s,tmacgaughie6s,tbolin6s,Yodo
7,harddisk,6,Virginia,elanmeid6t,elanmeid6t,nladbrook6t,Bubbletube
76,laptop,23,Oklahoma,mjosephov6u,mjosephov6u,ggerran6u,Youfeed
7959,pen,63,New Jersey,osheehan6v,osheehan6v,bastall6v,Youspan
8710,monitor,93,Texas,spetschelt6w,spetschelt6w,tmcgillivray6w,Skajo
166,paper,32,Virginia,mchaffe6x,mchaffe6x,aswede6x,Voolia
77210,cpu,54,Missouri,vacey6y,vacey6y,psuller6y,Zoomzone
39,cpu,88,Illinois,loulet6z,loulet6z,awolford6z,Topicshots
800,pen,49,Florida,deadington70,deadington70,orainy70,Edgepulse
1855,mouse,26,New York,jgladbeck71,jgladbeck71,bcolleymore71,Topiclounge
7,pen,38,Arizona,mhalfhyde72,mhalfhyde72,bscotsbrook72,Skibox
12701,screen,71,North Carolina,rdegoy73,rdegoy73,finnott73,Skyvu
415,harddisk,75,Missouri,gwippermann74,gwippermann74,awisham74,Skipfire
8119,harddisk,19,California,khazeldean75,khazeldean75,pstandley75,Mymm
34,screen,80,Texas,hlewisham76,hlewisham76,ejodrelle76,Skimia
2,mouse,43,Texas,ekleinzweig77,ekleinzweig77,eperllman77,Realfire
0,wifi,98,Texas,rcallinan78,rcallinan78,lupward78,Muxo
992,monitor,53,Tennessee,eeronie79,eeronie79,mrenyard79,Meembee
2,monitor,76,Texas,gcockshutt7a,gcockshutt7a,mflear7a,Trudoo
5,laptop,40,District of Columbia,pgunstone7b,pgunstone7b,egeorgins7b,Geba
68,wifi,34,New York,mgiscken7c,mgiscken7c,blapslie7c,Wordify
634,screen,98,New York,lbirdwistle7d,lbirdwistle7d,enajara7d,Demizz
51752,wifi,86,New York,ckapelhof7e,ckapelhof7e,cbawle7e,Leexo
17,pen,53,Missouri,lregler7f,lregler7f,wmadocjones7f,Skyble
8,harddisk,62,Virginia,cfaughey7g,cfaughey7g,aforeman7g,Skinte
6,pen,59,Michigan,zmumford7h,zmumford7h,mpicott7h,Thoughtsphere
992,pen,10,Florida,haxell7i,haxell7i,ckeenleyside7i,Myworks
871,pen,62,Ohio,cchidler7j,cchidler7j,dchezelle7j,Quamba
214,laptop,44,Pennsylvania,lchesworth7k,lchesworth7k,cmattheissen7k,Flipopia
1702,pen,92,New York,kbalasin7l,kbalasin7l,mstobbart7l,Browsedrive
81,monitor,69,Ohio,asimony7m,asimony7m,tdowthwaite7m,Wikibox
7570,screen,56,California,zfriedenbach7n,zfriedenbach7n,crawlyns7n,Babblestorm
9287,cpu,81,North Carolina,jpurver7o,jpurver7o,ymargach7o,Twitterbeat
89,paper,54,Kentucky,fstickley7p,fstickley7p,mbruno7p,Voonder
0,wifi,22,District of Columbia,tmcgreay7q,tmcgreay7q,lfronczak7q,Thoughtbridge
67,paper,93,Ohio,wsurpliss0,wsurpliss0,Indonesia,Riffpath
1102,harddisk,79,Pennsylvania,sellick1,sellick1,Russia,Gigazoom
6,mouse,92,Texas,gmellenby2,gmellenby2,South Korea,Eare
4310,pen,43,Alabama,zalberts3,zalberts3,Myanmar,Vinte
611,monitor,80,North Carolina,rsparway4,rsparway4,Brazil,Quamba
4,monitor,5,Pennsylvania,dmetrick6,dmetrick6,Vietnam,Wikivu
520,hdmi,37,Pennsylvania,bparsonson7,bparsonson7,Croatia,Photofeed
29748,harddisk,50,West Virginia,rblasing8,rblasing8,Ukraine,Eayo
2,mouse,63,Indiana,wpanichellia,wpanichellia,Canada,Topicblab
49,monitor,25,Ohio,mgimblettc,mgimblettc,Sierra Leone,Kaymbo
547,paper,64,Michigan,lnovillf,lnovillf,United States,Divanoodle
9097,monitor,50,Texas,vodeegang,vodeegang,China,Yodoo
22949,cpu,36,Illinois,ssloanei,ssloanei,Poland,Tambee
6,speaker,46,Arizona,ctincknelln,ctincknelln,Nepal,Twitterbeat
9400,mouse,88,Oklahoma,kpechao,kpechao,Greece,Voonix
53565,screen,8,South Dakota,bsoreyr,bsoreyr,Albania,Zoozzy
52,cpu,31,District of Columbia,wdurwards,wdurwards,Italy,Flipbug
82,hdmi,32,Texas,ekincadez,ekincadez,Pakistan,Zoovu
9832,cpu,16,Oregon,ngartery16,ngartery16,Philippines,Blognation
139,hdmi,39,New York,ekubasiewicz19,ekubasiewicz19,Argentina,Gigabox
6286,pen,84,Colorado,mmatisse1g,mmatisse1g,Thailand,Wordtune
5,laptop,67,Pennsylvania,mlantiffe1h,mlantiffe1h,United Arab Emirates,Oba
451,screen,68,Louisiana,dfigger1k,dfigger1k,Sweden,Browsebug
7613,harddisk,85,Pennsylvania,dpimley1n,dpimley1n,Dominican Republic,Thoughtblab
94842,hdmi,8,Minnesota,boneligan1o,boneligan1o,Colombia,Geba
126,pen,70,California,kbridgen1p,kbridgen1p,Peru,Ainyx
20,mouse,29,Ohio,bdargue1r,bdargue1r,Slovenia,Jayo
58237,laptop,66,Utah,bshann1t,bshann1t,Ethiopia,Ailane
99066,cpu,25,West Virginia,ischroeder1y,ischroeder1y,Spain,DabZ
1220,paper,24,Wisconsin,dglen24,dglen24,Yemen,Kamba
10143,speaker,80,Kansas,asibly29,asibly29,South Africa,Bubblemix
943,wifi,82,Tennessee,ascutter2b,ascutter2b,Jordan,Twitterwire
8774,paper,74,Connecticut,ttrownson2d,ttrownson2d,Afghanistan,Tagpad
13,paper,92,Pennsylvania,reliyahu2e,reliyahu2e,Czech Republic,Twitternation
191,wifi,33,Pennsylvania,nklaggeman2g,nklaggeman2g,Mauritius,Agivu
47731,mouse,17,Florida,bbalding2h,bbalding2h,France,Photolist
3975,mouse,75,Washington,edufton2k,edufton2k,Tajikistan,Edgeblab
98385,cpu,100,New York,aashley2o,aashley2o,Germany,Twinte
5805,screen,40,South Carolina,rpaxeford2x,rpaxeford2x,Libya,Eazzy
54372,wifi,45,California,ncalbaithe33,ncalbaithe33,Haiti,Linktype
51602,cpu,27,New York,aprium38,aprium38,Portugal,Midel
60899,speaker,38,Ohio,aklain39,aklain39,Nigeria,Aimbo
544,wifi,84,California,lferrers3c,lferrers3c,Kosovo,Zoomzone
5012,laptop,15,Colorado,lriall3q,lriall3q,Barbados,Browsezoom
60,paper,19,Texas,epeplow3t,epeplow3t,Zimbabwe,Twimm
3092,paper,28,California,jfiney3w,jfiney3w,Botswana,Flashset
625,harddisk,48,New York,erolinson4h,erolinson4h,Finland,Jaxbean
952,paper,64,Pennsylvania,odunton4n,odunton4n,Uganda,Vinder
80,paper,76,Montana,pdoddrell4p,pdoddrell4p,Belarus,Oyoyo
70,laptop,57,Arizona,nwestcott4v,nwestcott4v,Switzerland,Yozio
429,speaker,79,Maryland,tcolman52,tcolman52,Tanzania,Kwinu
5,wifi,70,Texas,ddecruze5f,ddecruze5f,Japan,Jabberstorm
462,speaker,32,Indiana,clivingstone5k,clivingstone5k,Saint Barthelemy,Kwimbee
8,hdmi,75,Oklahoma,jdows5m,jdows5m,Malaysia,Vipe
979,harddisk,81,Colorado,emoncey5q,emoncey5q,Guatemala,Fivespan
1,laptop,20,New York,bfrissell5w,bfrissell5w,North Korea,Yodel
23776,cpu,42,New Mexico,itenny5y,itenny5y,Honduras,Yakijo
411,paper,91,Colorado,bkeeves62,bkeeves62,Cape Verde,Thoughtbeat
8213,hdmi,62,Ohio,agoulding63,agoulding63,Mali,Yoveo
15,screen,84,Virginia,iscritch6c,iscritch6c,Saudi Arabia,Devpoint
2,hdmi,9,District of Columbia,chollerin6m,chollerin6m,Chad,Flipstorm
49079,monitor,52,Arkansas,pdovey6o,pdovey6o,Kiribati,Yamia
2129,screen,72,New York,cbrockie6q,cbrockie6q,Turkmenistan,Voonder
29,speaker,62,Texas,cesche6t,cesche6t,Namibia,Rooxo
64,paper,34,Florida,bvonderempten6v,bvonderempten6v,Azerbaijan,Dynabox
73596,wifi,14,Louisiana,dfarres71,dfarres71,Mayotte,Blogtags
797,mouse,21,Virginia,mfitt72,mfitt72,Latvia,Jetpulse
394,laptop,17,Texas,ssapena76,ssapena76,Lithuania,Realmix
57,harddisk,21,Alabama,itroy7k,itroy7k,Mongolia,Meejo
6,monitor,86,California,vwillard7q,vwillard7q,Iran,Mita
62,monitor,82,Michigan,wsurpliss0,wsurpliss0,Indonesia,Riffpath
35993,paper,97,Indiana,sellick1,sellick1,Russia,Gigazoom
8065,wifi,91,Pennsylvania,gmellenby2,gmellenby2,South Korea,Eare
8039,cpu,70,Texas,zalberts3,zalberts3,Myanmar,Vinte
51769,screen,49,Nebraska,rsparway4,rsparway4,Brazil,Quamba
45699,paper,76,Arizona,dmetrick6,dmetrick6,Vietnam,Wikivu
60,screen,8,Nebraska,bparsonson7,bparsonson7,Croatia,Photofeed
45,paper,49,California,rblasing8,rblasing8,Ukraine,Eayo
24256,pen,15,Tennessee,wpanichellia,wpanichellia,Canada,Topicblab
88,cpu,96,Idaho,mgimblettc,mgimblettc,Sierra Leone,Kaymbo
781,wifi,76,Louisiana,lnovillf,lnovillf,United States,Divanoodle
78,harddisk,30,Maryland,vodeegang,vodeegang,China,Yodoo
3600,harddisk,93,Texas,ssloanei,ssloanei,Poland,Tambee
263,paper,72,Texas,ctincknelln,ctincknelln,Nepal,Twitterbeat
98,harddisk,82,Tennessee,kpechao,kpechao,Greece,Voonix
88,paper,95,Indiana,bsoreyr,bsoreyr,Albania,Zoozzy
5610,paper,6,North Carolina,wdurwards,wdurwards,Italy,Flipbug
92724,wifi,11,Virginia,ekincadez,ekincadez,Pakistan,Zoovu
929,screen,77,Kansas,ngartery16,ngartery16,Philippines,Blognation
63688,laptop,35,Alabama,ekubasiewicz19,ekubasiewicz19,Argentina,Gigabox
19,monitor,95,Virginia,mmatisse1g,mmatisse1g,Thailand,Wordtune
4980,screen,100,Illinois,mlantiffe1h,mlantiffe1h,United Arab Emirates,Oba
5757,monitor,95,Texas,dfigger1k,dfigger1k,Sweden,Browsebug
36,laptop,37,Minnesota,dpimley1n,dpimley1n,Dominican Republic,Thoughtblab
9,screen,36,Texas,boneligan1o,boneligan1o,Colombia,Geba
95419,speaker,6,Minnesota,kbridgen1p,kbridgen1p,Peru,Ainyx
95549,cpu,68,District of Columbia,bdargue1r,bdargue1r,Slovenia,Jayo
746,harddisk,53,Texas,bshann1t,bshann1t,Ethiopia,Ailane
4355,pen,66,Michigan,ischroeder1y,ischroeder1y,Spain,DabZ
395,mouse,6,Illinois,dglen24,dglen24,Yemen,Kamba
15439,hdmi,78,New York,asibly29,asibly29,South Africa,Bubblemix
359,paper,33,Ohio,ascutter2b,ascutter2b,Jordan,Twitterwire
31236,cpu,55,Louisiana,ttrownson2d,ttrownson2d,Afghanistan,Tagpad
8,cpu,61,Colorado,reliyahu2e,reliyahu2e,Czech Republic,Twitternation
7,pen,7,Florida,nklaggeman2g,nklaggeman2g,Mauritius,Agivu
2,monitor,55,Utah,bbalding2h,bbalding2h,France,Photolist
3,wifi,77,Massachusetts,edufton2k,edufton2k,Tajikistan,Edgeblab
3,screen,8,Florida,aashley2o,aashley2o,Germany,Twinte
99461,paper,69,California,rpaxeford2x,rpaxeford2x,Libya,Eazzy
7538,monitor,25,Washington,ncalbaithe33,ncalbaithe33,Haiti,Linktype
1546,mouse,70,Louisiana,aprium38,aprium38,Portugal,Midel
531,laptop,22,Arizona,aklain39,aklain39,Nigeria,Aimbo
7305,harddisk,42,Florida,lferrers3c,lferrers3c,Kosovo,Zoomzone
20419,speaker,99,New Jersey,lriall3q,lriall3q,Barbados,Browsezoom
83503,laptop,59,Illinois,epeplow3t,epeplow3t,Zimbabwe,Twimm
0,wifi,88,Colorado,jfiney3w,jfiney3w,Botswana,Flashset
853,wifi,34,Texas,erolinson4h,erolinson4h,Finland,Jaxbean
7800,pen,87,Minnesota,odunton4n,odunton4n,Uganda,Vinder
545,cpu,78,Florida,pdoddrell4p,pdoddrell4p,Belarus,Oyoyo
957,mouse,77,California,nwestcott4v,nwestcott4v,Switzerland,Yozio
28,cpu,36,North Carolina,tcolman52,tcolman52,Tanzania,Kwinu
3,wifi,51,California,ddecruze5f,ddecruze5f,Japan,Jabberstorm
5919,wifi,79,Connecticut,clivingstone5k,clivingstone5k,Saint Barthelemy,Kwimbee
27,wifi,48,California,jdows5m,jdows5m,Malaysia,Vipe
62,screen,89,Florida,emoncey5q,emoncey5q,Guatemala,Fivespan
7384,hdmi,16,Illinois,bfrissell5w,bfrissell5w,North Korea,Yodel
2,harddisk,28,Indiana,itenny5y,itenny5y,Honduras,Yakijo
0,mouse,17,Texas,bkeeves62,bkeeves62,Cape Verde,Thoughtbeat
92,screen,45,Virginia,agoulding63,agoulding63,Mali,Yoveo
643,monitor,97,Louisiana,iscritch6c,iscritch6c,Saudi Arabia,Devpoint
554,hdmi,45,Florida,chollerin6m,chollerin6m,Chad,Flipstorm
4,mouse,57,California,pdovey6o,pdovey6o,Kiribati,Yamia
920,paper,95,Texas,cbrockie6q,cbrockie6q,Turkmenistan,Voonder
75075,speaker,57,Minnesota,cesche6t,cesche6t,Namibia,Rooxo
5287,hdmi,92,California,bvonderempten6v,bvonderempten6v,Azerbaijan,Dynabox
677,speaker,52,New Jersey,dfarres71,dfarres71,Mayotte,Blogtags
3,hdmi,98,Texas,mfitt72,mfitt72,Latvia,Jetpulse
2,cpu,90,New York,ssapena76,ssapena76,Lithuania,Realmix
51035,paper,32,Utah,itroy7k,itroy7k,Mongolia,Meejo
6987,cpu,68,South Carolina,wsurpliss0,wsurpliss0,Indonesia,Riffpath
1,cpu,89,Minnesota,sellick1,sellick1,Russia,Gigazoom
95479,wifi,76,Georgia,gmellenby2,gmellenby2,South Korea,Eare
4,pen,88,Kansas,zalberts3,zalberts3,Myanmar,Vinte
3137,screen,36,Texas,rsparway4,rsparway4,Brazil,Quamba
39,wifi,84,Louisiana,dmetrick6,dmetrick6,Vietnam,Wikivu
69778,wifi,77,Wisconsin,bparsonson7,bparsonson7,Croatia,Photofeed
30,mouse,56,Colorado,rblasing8,rblasing8,Ukraine,Eayo
6,cpu,82,Texas,wpanichellia,wpanichellia,Canada,Topicblab
9214,cpu,46,Virginia,mgimblettc,mgimblettc,Sierra Leone,Kaymbo
2,wifi,49,Tennessee,lnovillf,lnovillf,United States,Divanoodle
6,screen,49,Georgia,vodeegang,vodeegang,China,Yodoo
7,paper,70,New Jersey,ssloanei,ssloanei,Poland,Tambee
474,harddisk,77,Georgia,ctincknelln,ctincknelln,Nepal,Twitterbeat
1,speaker,88,Oklahoma,kpechao,kpechao,Greece,Voonix
9279,pen,71,Ohio,bsoreyr,bsoreyr,Albania,Zoozzy
90,wifi,60,South Carolina,wdurwards,wdurwards,Italy,Flipbug
339,speaker,93,Connecticut,ekincadez,ekincadez,Pakistan,Zoovu
7,laptop,51,Missouri,ngartery16,ngartery16,Philippines,Blognation
51413,speaker,63,Pennsylvania,ekubasiewicz19,ekubasiewicz19,Argentina,Gigabox
1094,wifi,45,Virginia,mmatisse1g,mmatisse1g,Thailand,Wordtune
5722,cpu,7,New York,mlantiffe1h,mlantiffe1h,United Arab Emirates,Oba
7,speaker,16,New York,dfigger1k,dfigger1k,Sweden,Browsebug
811,hdmi,39,Nebraska,dpimley1n,dpimley1n,Dominican Republic,Thoughtblab
4037,monitor,99,Oklahoma,boneligan1o,boneligan1o,Colombia,Geba
9,pen,42,Washington,kbridgen1p,kbridgen1p,Peru,Ainyx
0,monitor,32,Oregon,bdargue1r,bdargue1r,Slovenia,Jayo
513,harddisk,18,Florida,bshann1t,bshann1t,Ethiopia,Ailane
11548,screen,79,California,ischroeder1y,ischroeder1y,Spain,DabZ
892,paper,31,Colorado,dglen24,dglen24,Yemen,Kamba
5,paper,85,Louisiana,asibly29,asibly29,South Africa,Bubblemix
20975,harddisk,73,Illinois,ascutter2b,ascutter2b,Jordan,Twitterwire
87008,laptop,46,Texas,ttrownson2d,ttrownson2d,Afghanistan,Tagpad
38,pen,75,Texas,reliyahu2e,reliyahu2e,Czech Republic,Twitternation
5113,speaker,93,North Carolina,nklaggeman2g,nklaggeman2g,Mauritius,Agivu
3719,wifi,79,North Carolina,bbalding2h,bbalding2h,France,Photolist
9849,speaker,51,Massachusetts,edufton2k,edufton2k,Tajikistan,Edgeblab
7,harddisk,90,Ohio,aashley2o,aashley2o,Germany,Twinte
55,paper,84,Illinois,rpaxeford2x,rpaxeford2x,Libya,Eazzy
90752,laptop,99,California,ncalbaithe33,ncalbaithe33,Haiti,Linktype
60,hdmi,73,California,aprium38,aprium38,Portugal,Midel
326,speaker,27,Washington,aklain39,aklain39,Nigeria,Aimbo
5,harddisk,24,California,lferrers3c,lferrers3c,Kosovo,Zoomzone
9661,mouse,12,Iowa,lriall3q,lriall3q,Barbados,Browsezoom
4,monitor,13,Florida,epeplow3t,epeplow3t,Zimbabwe,Twimm
352,pen,93,North Carolina,jfiney3w,jfiney3w,Botswana,Flashset
631,hdmi,33,Washington,erolinson4h,erolinson4h,Finland,Jaxbean
62562,monitor,54,West Virginia,odunton4n,odunton4n,Uganda,Vinder
4227,laptop,59,Texas,pdoddrell4p,pdoddrell4p,Belarus,Oyoyo
31,monitor,75,Alabama,nwestcott4v,nwestcott4v,Switzerland,Yozio
279,laptop,60,Michigan,tcolman52,tcolman52,Tanzania,Kwinu
921,monitor,11,Connecticut,ddecruze5f,ddecruze5f,Japan,Jabberstorm
69433,wifi,30,Texas,clivingstone5k,clivingstone5k,Saint Barthelemy,Kwimbee
1822,harddisk,15,Virginia,jdows5m,jdows5m,Malaysia,Vipe
79057,cpu,14,Indiana,emoncey5q,emoncey5q,Guatemala,Fivespan
166,harddisk,48,Texas,bfrissell5w,bfrissell5w,North Korea,Yodel
519,paper,8,Connecticut,itenny5y,itenny5y,Honduras,Yakijo
15,laptop,71,Texas,bkeeves62,bkeeves62,Cape Verde,Thoughtbeat
713,speaker,13,Texas,agoulding63,agoulding63,Mali,Yoveo
53,speaker,23,Michigan,iscritch6c,iscritch6c,Saudi Arabia,Devpoint
59154,monitor,31,California,chollerin6m,chollerin6m,Chad,Flipstorm
126,harddisk,82,Massachusetts,pdovey6o,pdovey6o,Kiribati,Yamia
94,hdmi,55,California,cbrockie6q,cbrockie6q,Turkmenistan,Voonder
3,monitor,95,Texas,cesche6t,cesche6t,Namibia,Rooxo
78780,paper,19,Florida,bvonderempten6v,bvonderempten6v,Azerbaijan,Dynabox
7490,wifi,91,Kentucky,dfarres71,dfarres71,Mayotte,Blogtags
0,screen,40,Texas,mfitt72,mfitt72,Latvia,Jetpulse
719,harddisk,26,Michigan,ssapena76,ssapena76,Lithuania,Realmix
51275,monitor,26,California,itroy7k,itroy7k,Mongolia,Meejo
617,laptop,93,District of Columbia,vwillard7q,vwillard7q,Iran,Mita
7,monitor,35,Oklahoma,mhaggerwood80,mhaggerwood80,Cuba,Buzzster
4,pen,80,Pennsylvania,cvarcoe83,cvarcoe83,Bulgaria,Voomm
9371,monitor,72,North Carolina,vhabbon87,vhabbon87,Mexico,Centidel
630,speaker,43,Kentucky,ctidridge89,ctidridge89,Venezuela,Skaboo
85218,hdmi,29,Indiana,braraty8i,braraty8i,Egypt,Cogidoo
31725,speaker,18,California,lslainey99,lslainey99,Jamaica,Gabcube
9337,screen,24,Arkansas,bwimpey9l,bwimpey9l,Norway,Feednation
7,speaker,67,Kansas,hyakunin9t,hyakunin9t,Swaziland,Twitterlist
294,mouse,87,Missouri,ttroutbeckad,ttroutbeckad,Chile,Realbuzz
97,mouse,26,Colorado,edashperae,edashperae,New Zealand,Yabox
8,pen,88,New Jersey,kheliotag,kheliotag,Ireland,Mudo
205,paper,19,Virginia,lshemwellaj,lshemwellaj,Cambodia,Skynoodle
2027,hdmi,100,New York,thoulstonak,thoulstonak,Tunisia,Quinu
3803,harddisk,49,Colorado,cbennettoao,cbennettoao,Democratic Republic of the Congo,Skalith
537,hdmi,82,Minnesota,lseivwrightay,lseivwrightay,Denmark,Janyx
87732,wifi,16,Pennsylvania,jstickneybt,jstickneybt,Turks and Caicos Islands,Shufflester
5,paper,10,Ohio,jmaroc0,jmaroc0,Papua New Guinea,Mydeo
4033,paper,34,Kansas,istanluckcc,istanluckcc,United Kingdom,Katz
73405,speaker,33,Oklahoma,cdenormanvillecd,cdenormanvillecd,Zambia,Meembee
631,laptop,67,California,rlowniecf,rlowniecf,Somalia,Eimbee
32,screen,72,Missouri,erussoncg,erussoncg,Syria,Brainverse
996,paper,38,Pennsylvania,lgodlipdr,lgodlipdr,Bosnia and Herzegovina,Mydo
6577,hdmi,44,Texas,msilcoxdv,msilcoxdv,Kazakhstan,Aivee
2,hdmi,32,Virginia,jjiraeb,jjiraeb,Macedonia,Minyx
70,pen,58,Maryland,afindleyeo,afindleyeo,Cook Islands,Zoonoodle
7,pen,36,Alabama,aworsfieldfx,aworsfieldfx,Costa Rica,Devshare
55,mouse,97,Ohio,dwattingge,dwattingge,Paraguay,Feedmix
15,harddisk,42,New York,pkubangv,pkubangv,Morocco,Jamia
70,pen,16,Alaska,rveneurh9,rveneurh9,Hungary,Yadel
72,screen,31,Texas,lbettisonhs,lbettisonhs,Uruguay,Jabbersphere
9068,harddisk,19,Hawaii,aaudenisia,aaudenisia,Luxembourg,Dabtype
49,screen,82,California,onicklenis,onicklenis,Netherlands,Devify
78597,mouse,82,Washington,cmansbridgeje,cmansbridgeje,Bolivia,Eadel
317,speaker,54,District of Columbia,sfishbournejm,sfishbournejm,Eritrea,Mybuzz
61,mouse,14,Nebraska,rparkhousejp,rparkhousejp,Iceland,Digitube
547,speaker,50,Colorado,ztomczykowskikw,ztomczykowskikw,Mauritania,Demizz
30393,paper,25,Michigan,kbosomworthl5,kbosomworthl5,Cameroon,Dynazzy
66,harddisk,30,New York,fmorgonm5,fmorgonm5,Tokelau,Livepath
35,laptop,67,Virginia,mschoenfischmc,mschoenfischmc,Central African Republic,Eamia
3,screen,39,California,hhartlymh,hhartlymh,Georgia,Innojam
30,wifi,64,Pennsylvania,aberryn7,aberryn7,Ecuador,Zoomcast
1235,cpu,11,Pennsylvania,lmchalenm,lmchalenm,Kenya,Quire
43825,hdmi,31,Georgia,sengallo2,sengallo2,Palestinian Territory,Roombo
765,hdmi,59,Oregon,lioannidiso4,lioannidiso4,Iraq,Buzzbean
66,paper,67,South Carolina,mcockarillpw,mcockarillpw,Comoros,Abatz
17,speaker,90,Massachusetts,khaliburnq0,khaliburnq0,Estonia,Meevee
42,laptop,14,Ohio,rsterzakerr9,rsterzakerr9,South Sudan,Babbleblab
7415,wifi,5,Texas,lmochanri,lmochanri,Senegal,Skibox
903,cpu,30,Washington,pvillaretew,pvillaretew,rchyuertonew,Babbleopia
197,speaker,65,Texas,irastrickex,irastrickex,ewildbloodex,Yamia
72974,cpu,41,Florida,thoodlassey,thoodlassey,rvennardey,Jamia
39682,wifi,27,California,athewsez,athewsez,oboaseez,Skiptube
9,cpu,74,California,eseckingtonf0,eseckingtonf0,lcarusf0,Dabjam
119,pen,83,Nevada,rreef1,rreef1,cfurseyf1,Pixope
219,wifi,70,Florida,mbarochef2,mbarochef2,rcrippellf2,Realbuzz
5,harddisk,12,New Mexico,jmcnifff3,jmcnifff3,rboamef3,Aibox
76,cpu,7,Arizona,medmansf4,medmansf4,etrillowf4,Flashpoint
51172,laptop,58,Texas,lsheweryf5,lsheweryf5,nfreef5,Realmix
96,cpu,91,New York,nmarskellf6,nmarskellf6,lcuttingsf6,Yambee
9173,hdmi,45,Pennsylvania,mtanderf7,mtanderf7,ppretself7,Yozio
84,laptop,21,Oklahoma,fquinevanf8,fquinevanf8,kmuckf8,Yozio
673,pen,6,Indiana,dboswardf9,dboswardf9,ckiltief9,Skyndu
4672,speaker,35,New Jersey,fpellerfa,fpellerfa,aerrichiellofa,Kare
153,screen,16,Minnesota,tsharplesfb,tsharplesfb,cmckintyfb,Bubbletube
30039,paper,39,Texas,jduchatelfc,jduchatelfc,klastfc,Twitterwire
2928,screen,14,Kansas,ggrasfd,ggrasfd,nropsfd,Topicware
3,cpu,71,Florida,bsottellfe,bsottellfe,mfibbenfe,Thoughtworks
68,cpu,100,Virginia,icopasff,icopasff,bmatyasikff,Topiczoom
64893,cpu,74,Nevada,wsurpliss0,wsurpliss0,Indonesia,Riffpath
46186,screen,80,Florida,sellick1,sellick1,Russia,Gigazoom
5,wifi,21,Alabama,gmellenby2,gmellenby2,South Korea,Eare
11,harddisk,5,Georgia,zalberts3,zalberts3,Myanmar,Vinte
2653,screen,69,Texas,rsparway4,rsparway4,Brazil,Quamba
82292,wifi,20,Minnesota,dmetrick6,dmetrick6,Vietnam,Wikivu
88,laptop,79,California,bparsonson7,bparsonson7,Croatia,Photofeed
83,wifi,61,Wisconsin,rblasing8,rblasing8,Ukraine,Eayo
86,wifi,10,Alabama,wpanichellia,wpanichellia,Canada,Topicblab
62,monitor,35,Washington,mgimblettc,mgimblettc,Sierra Leone,Kaymbo
1,harddisk,62,California,lnovillf,lnovillf,United States,Divanoodle
141,cpu,92,Kansas,vodeegang,vodeegang,China,Yodoo
366,speaker,31,Minnesota,ssloanei,ssloanei,Poland,Tambee
294,cpu,92,New York,ctincknelln,ctincknelln,Nepal,Twitterbeat
4,laptop,20,Texas,kpechao,kpechao,Greece,Voonix
2009,harddisk,91,Louisiana,bsoreyr,bsoreyr,Albania,Zoozzy
9,hdmi,66,Texas,wdurwards,wdurwards,Italy,Flipbug
94,harddisk,27,Illinois,ekincadez,ekincadez,Pakistan,Zoovu
89342,paper,64,Texas,ngartery16,ngartery16,Philippines,Blognation
232,wifi,59,South Carolina,ekubasiewicz19,ekubasiewicz19,Argentina,Gigabox
87,hdmi,9,Texas,mmatisse1g,mmatisse1g,Thailand,Wordtune
66637,monitor,53,Texas,mlantiffe1h,mlantiffe1h,United Arab Emirates,Oba
1206,screen,55,Florida,dfigger1k,dfigger1k,Sweden,Browsebug
8846,screen,73,Washington,dpimley1n,dpimley1n,Dominican Republic,Thoughtblab
9094,screen,49,Washington,boneligan1o,boneligan1o,Colombia,Geba
58,wifi,28,Indiana,kbridgen1p,kbridgen1p,Peru,Ainyx
38,wifi,12,Virginia,bdargue1r,bdargue1r,Slovenia,Jayo
72,paper,36,Connecticut,bshann1t,bshann1t,Ethiopia,Ailane
24112,speaker,65,Kentucky,ischroeder1y,ischroeder1y,Spain,DabZ
236,wifi,34,Hawaii,dglen24,dglen24,Yemen,Kamba
92,cpu,99,Texas,asibly29,asibly29,South Africa,Bubblemix
892,cpu,9,Alabama,ascutter2b,ascutter2b,Jordan,Twitterwire
4726,screen,47,New York,ttrownson2d,ttrownson2d,Afghanistan,Tagpad
115,hdmi,81,California,reliyahu2e,reliyahu2e,Czech Republic,Twitternation
5,wifi,6,Florida,nklaggeman2g,nklaggeman2g,Mauritius,Agivu
75068,wifi,56,Oregon,bbalding2h,bbalding2h,France,Photolist
51238,paper,5,Kansas,edufton2k,edufton2k,Tajikistan,Edgeblab
21,wifi,39,New York,aashley2o,aashley2o,Germany,Twinte
76686,monitor,76,Virginia,rpaxeford2x,rpaxeford2x,Libya,Eazzy
600,speaker,46,Washington,ncalbaithe33,ncalbaithe33,Haiti,Linktype
4,laptop,97,Texas,aprium38,aprium38,Portugal,Midel
30120,hdmi,62,California,aklain39,aklain39,Nigeria,Aimbo
69353,speaker,41,Arizona,lferrers3c,lferrers3c,Kosovo,Zoomzone
137,hdmi,77,California,lriall3q,lriall3q,Barbados,Browsezoom
970,paper,34,Georgia,epeplow3t,epeplow3t,Zimbabwe,Twimm
89101,screen,16,Kansas,jfiney3w,jfiney3w,Botswana,Flashset
462,screen,48,Georgia,erolinson4h,erolinson4h,Finland,Jaxbean
67,speaker,72,Texas,odunton4n,odunton4n,Uganda,Vinder
2303,hdmi,90,Missouri,pdoddrell4p,pdoddrell4p,Belarus,Oyoyo
23482,speaker,17,Arizona,nwestcott4v,nwestcott4v,Switzerland,Yozio
43488,speaker,85,Utah,tcolman52,tcolman52,Tanzania,Kwinu
62,hdmi,94,Massachusetts,ddecruze5f,ddecruze5f,Japan,Jabberstorm
23,harddisk,80,Texas,clivingstone5k,clivingstone5k,Saint Barthelemy,Kwimbee
347,hdmi,78,Ohio,jdows5m,jdows5m,Malaysia,Vipe
369,monitor,62,Pennsylvania,emoncey5q,emoncey5q,Guatemala,Fivespan
12064,pen,56,North Carolina,bfrissell5w,bfrissell5w,North Korea,Yodel
9,laptop,61,Florida,itenny5y,itenny5y,Honduras,Yakijo
5,mouse,60,Kansas,bkeeves62,bkeeves62,Cape Verde,Thoughtbeat
994,screen,69,Maryland,agoulding63,agoulding63,Mali,Yoveo
0,harddisk,12,Tennessee,iscritch6c,iscritch6c,Saudi Arabia,Devpoint
93040,harddisk,37,Nevada,chollerin6m,chollerin6m,Chad,Flipstorm
5591,cpu,29,California,pdovey6o,pdovey6o,Kiribati,Yamia
75,cpu,39,California,cbrockie6q,cbrockie6q,Turkmenistan,Voonder
72,paper,96,California,cesche6t,cesche6t,Namibia,Rooxo
81,wifi,57,Connecticut,bvonderempten6v,bvonderempten6v,Azerbaijan,Dynabox
1,harddisk,50,Alabama,dfarres71,dfarres71,Mayotte,Blogtags
101,hdmi,99,Florida,mfitt72,mfitt72,Latvia,Jetpulse
480,laptop,91,North Carolina,ssapena76,ssapena76,Lithuania,Realmix
3056,wifi,24,California,itroy7k,itroy7k,Mongolia,Meejo
8087,wifi,64,Massachusetts,wsurpliss0,wsurpliss0,Indonesia,Riffpath
55,cpu,18,Ohio,sellick1,sellick1,Russia,Gigazoom
25,wifi,84,Minnesota,gmellenby2,gmellenby2,South Korea,Eare
325,speaker,10,Texas,zalberts3,zalberts3,Myanmar,Vinte
58780,laptop,28,Florida,rsparway4,rsparway4,Brazil,Quamba
7,paper,70,Idaho,dmetrick6,dmetrick6,Vietnam,Wikivu
49706,screen,8,Florida,bparsonson7,bparsonson7,Croatia,Photofeed
0,screen,11,Arizona,rblasing8,rblasing8,Ukraine,Eayo
94634,harddisk,67,Arizona,wpanichellia,wpanichellia,Canada,Topicblab
92307,mouse,37,District of Columbia,mgimblettc,mgimblettc,Sierra Leone,Kaymbo
4,harddisk,63,New York,lnovillf,lnovillf,United States,Divanoodle
1,cpu,69,California,vodeegang,vodeegang,China,Yodoo
5100,laptop,77,New York,ssloanei,ssloanei,Poland,Tambee
15622,mouse,8,Indiana,ctincknelln,ctincknelln,Nepal,Twitterbeat
1909,screen,99,Tennessee,kpechao,kpechao,Greece,Voonix
84961,screen,42,Texas,bsoreyr,bsoreyr,Albania,Zoozzy
90642,mouse,51,Ohio,wdurwards,wdurwards,Italy,Flipbug
78713,pen,72,Georgia,ekincadez,ekincadez,Pakistan,Zoovu
87857,hdmi,28,North Carolina,ngartery16,ngartery16,Philippines,Blognation
82,laptop,84,Texas,ekubasiewicz19,ekubasiewicz19,Argentina,Gigabox
302,cpu,70,Virginia,mmatisse1g,mmatisse1g,Thailand,Wordtune
58663,speaker,31,Florida,mlantiffe1h,mlantiffe1h,United Arab Emirates,Oba
2482,laptop,43,Arkansas,dfigger1k,dfigger1k,Sweden,Browsebug
9825,laptop,70,North Carolina,dpimley1n,dpimley1n,Dominican Republic,Thoughtblab
3,screen,40,Florida,boneligan1o,boneligan1o,Colombia,Geba
113,monitor,87,Massachusetts,kbridgen1p,kbridgen1p,Peru,Ainyx
5582,wifi,28,Texas,bdargue1r,bdargue1r,Slovenia,Jayo
6299,laptop,22,Tennessee,bshann1t,bshann1t,Ethiopia,Ailane
42459,laptop,82,North Carolina,ischroeder1y,ischroeder1y,Spain,DabZ
4088,screen,64,California,dglen24,dglen24,Yemen,Kamba
53,cpu,90,Ohio,asibly29,asibly29,South Africa,Bubblemix
53,paper,18,Oklahoma,ascutter2b,ascutter2b,Jordan,Twitterwire
96722,laptop,42,Wisconsin,ttrownson2d,ttrownson2d,Afghanistan,Tagpad
5,paper,56,Colorado,reliyahu2e,reliyahu2e,Czech Republic,Twitternation
50,mouse,43,Texas,nklaggeman2g,nklaggeman2g,Mauritius,Agivu
43068,screen,70,Nebraska,bbalding2h,bbalding2h,France,Photolist
669,hdmi,23,California,edufton2k,edufton2k,Tajikistan,Edgeblab
5183,monitor,64,Indiana,aashley2o,aashley2o,Germany,Twinte
18,paper,54,California,rpaxeford2x,rpaxeford2x,Libya,Eazzy
86405,pen,31,Arizona,ncalbaithe33,ncalbaithe33,Haiti,Linktype
6866,mouse,81,California,aprium38,aprium38,Portugal,Midel
75,mouse,83,Kansas,aklain39,aklain39,Nigeria,Aimbo
49,paper,83,Massachusetts,lferrers3c,lferrers3c,Kosovo,Zoomzone
2548,monitor,65,Texas,lriall3q,lriall3q,Barbados,Browsezoom
81,pen,85,Florida,epeplow3t,epeplow3t,Zimbabwe,Twimm
2,mouse,34,Virginia,jfiney3w,jfiney3w,Botswana,Flashset
348,paper,17,District of Columbia,erolinson4h,erolinson4h,Finland,Jaxbean
0,hdmi,27,Ohio,odunton4n,odunton4n,Uganda,Vinder
8,speaker,58,Nebraska,pdoddrell4p,pdoddrell4p,Belarus,Oyoyo
8062,monitor,59,Florida,nwestcott4v,nwestcott4v,Switzerland,Yozio
2,cpu,61,Ohio,tcolman52,tcolman52,Tanzania,Kwinu
726,paper,50,Florida,ddecruze5f,ddecruze5f,Japan,Jabberstorm
23669,wifi,8,Massachusetts,clivingstone5k,clivingstone5k,Saint Barthelemy,Kwimbee
5930,monitor,20,Texas,jdows5m,jdows5m,Malaysia,Vipe
3,paper,62,Colorado,emoncey5q,emoncey5q,Guatemala,Fivespan
4,hdmi,88,District of Columbia,bfrissell5w,bfrissell5w,North Korea,Yodel
64,paper,46,Indiana,itenny5y,itenny5y,Honduras,Yakijo
1,hdmi,47,Maryland,bkeeves62,bkeeves62,Cape Verde,Thoughtbeat
83,monitor,14,California,agoulding63,agoulding63,Mali,Yoveo
1,speaker,31,Maryland,wsurpliss0,wsurpliss0,Indonesia,Riffpath
42853,monitor,22,Florida,sellick1,sellick1,Russia,Gigazoom
17,speaker,85,Virginia,gmellenby2,gmellenby2,South Korea,Eare
33748,wifi,88,Alabama,zalberts3,zalberts3,Myanmar,Vinte
475,screen,78,New York,rsparway4,rsparway4,Brazil,Quamba
8,wifi,9,Ohio,dmetrick6,dmetrick6,Vietnam,Wikivu
19,cpu,53,New York,bparsonson7,bparsonson7,Croatia,Photofeed
282,hdmi,44,New York,rblasing8,rblasing8,Ukraine,Eayo
295,pen,30,Colorado,wpanichellia,wpanichellia,Canada,Topicblab
31309,laptop,25,New York,mgimblettc,mgimblettc,Sierra Leone,Kaymbo
0,monitor,5,Texas,lnovillf,lnovillf,United States,Divanoodle
7,pen,8,Colorado,vodeegang,vodeegang,China,Yodoo
2,paper,59,Washington,ssloanei,ssloanei,Poland,Tambee
4,laptop,15,Massachusetts,ctincknelln,ctincknelln,Nepal,Twitterbeat
185,monitor,11,Florida,kpechao,kpechao,Greece,Voonix
11,mouse,62,South Carolina,bsoreyr,bsoreyr,Albania,Zoozzy
52,hdmi,61,California,wdurwards,wdurwards,Italy,Flipbug
75355,monitor,19,Virginia,ekincadez,ekincadez,Pakistan,Zoovu
56,screen,78,California,ngartery16,ngartery16,Philippines,Blognation
58,cpu,31,Ohio,ekubasiewicz19,ekubasiewicz19,Argentina,Gigabox
3,screen,70,New York,mmatisse1g,mmatisse1g,Thailand,Wordtune
4,screen,26,Texas,mlantiffe1h,mlantiffe1h,United Arab Emirates,Oba
5,monitor,24,California,dfigger1k,dfigger1k,Sweden,Browsebug
9,paper,71,Texas,dpimley1n,dpimley1n,Dominican Republic,Thoughtblab
5647,speaker,38,New York,boneligan1o,boneligan1o,Colombia,Geba
2994,paper,14,Texas,kbridgen1p,kbridgen1p,Peru,Ainyx
68433,wifi,23,Wyoming,bdargue1r,bdargue1r,Slovenia,Jayo
731,laptop,94,Virginia,bshann1t,bshann1t,Ethiopia,Ailane
87634,laptop,86,California,ischroeder1y,ischroeder1y,Spain,DabZ
2,monitor,53,Iowa,dglen24,dglen24,Yemen,Kamba
28,screen,33,Georgia,asibly29,asibly29,South Africa,Bubblemix
4,laptop,68,Indiana,ascutter2b,ascutter2b,Jordan,Twitterwire
42,paper,13,Ohio,ttrownson2d,ttrownson2d,Afghanistan,Tagpad
1,laptop,28,Tennessee,reliyahu2e,reliyahu2e,Czech Republic,Twitternation
8597,monitor,44,New York,nklaggeman2g,nklaggeman2g,Mauritius,Agivu
8165,mouse,86,Massachusetts,bbalding2h,bbalding2h,France,Photolist
31229,screen,24,Rhode Island,edufton2k,edufton2k,Tajikistan,Edgeblab
71,wifi,89,Louisiana,aashley2o,aashley2o,Germany,Twinte
96160,wifi,35,Wisconsin,rpaxeford2x,rpaxeford2x,Libya,Eazzy
43782,wifi,54,California,ncalbaithe33,ncalbaithe33,Haiti,Linktype
3,screen,8,Texas,aprium38,aprium38,Portugal,Midel
7174,speaker,64,Texas,aklain39,aklain39,Nigeria,Aimbo
77,harddisk,41,Kansas,lferrers3c,lferrers3c,Kosovo,Zoomzone
6699,hdmi,43,Virginia,lriall3q,lriall3q,Barbados,Browsezoom
25298,hdmi,43,Virginia,epeplow3t,epeplow3t,Zimbabwe,Twimm
2,wifi,77,Ohio,jfiney3w,jfiney3w,Botswana,Flashset
25778,paper,61,Texas,erolinson4h,erolinson4h,Finland,Jaxbean
99,wifi,53,Alabama,odunton4n,odunton4n,Uganda,Vinder
6896,laptop,6,Florida,pdoddrell4p,pdoddrell4p,Belarus,Oyoyo
41,hdmi,41,Louisiana,nwestcott4v,nwestcott4v,Switzerland,Yozio
86,cpu,23,California,tcolman52,tcolman52,Tanzania,Kwinu
9,harddisk,25,Massachusetts,ddecruze5f,ddecruze5f,Japan,Jabberstorm
8,hdmi,46,Georgia,clivingstone5k,clivingstone5k,Saint Barthelemy,Kwimbee
4748,hdmi,21,Texas,jdows5m,jdows5m,Malaysia,Vipe
0,monitor,77,New York,emoncey5q,emoncey5q,Guatemala,Fivespan
4,speaker,21,California,bfrissell5w,bfrissell5w,North Korea,Yodel
5,wifi,98,District of Columbia,itenny5y,itenny5y,Honduras,Yakijo
56177,paper,83,Tennessee,bkeeves62,bkeeves62,Cape Verde,Thoughtbeat
99827,monitor,48,Nevada,agoulding63,agoulding63,Mali,Yoveo
0,paper,47,California,iscritch6c,iscritch6c,Saudi Arabia,Devpoint
2541,mouse,47,Colorado,chollerin6m,chollerin6m,Chad,Flipstorm
44734,monitor,26,Alabama,pdovey6o,pdovey6o,Kiribati,Yamia
301,pen,42,California,cbrockie6q,cbrockie6q,Turkmenistan,Voonder
85,paper,39,Iowa,cesche6t,cesche6t,Namibia,Rooxo
0,cpu,97,Florida,bvonderempten6v,bvonderempten6v,Azerbaijan,Dynabox
0,wifi,35,District of Columbia,dfarres71,dfarres71,Mayotte,Blogtags
1,mouse,59,South Dakota,mfitt72,mfitt72,Latvia,Jetpulse
742,pen,11,Virginia,ssapena76,ssapena76,Lithuania,Realmix
4,mouse,92,Alabama,itroy7k,itroy7k,Mongolia,Meejo
67,harddisk,70,Arizona,vwillard7q,vwillard7q,Iran,Mita
35,screen,31,Florida,mhaggerwood80,mhaggerwood80,Cuba,Buzzster
41,monitor,76,California,cvarcoe83,cvarcoe83,Bulgaria,Voomm
7178,wifi,92,Texas,vhabbon87,vhabbon87,Mexico,Centidel
551,laptop,19,Connecticut,ctidridge89,ctidridge89,Venezuela,Skaboo
820,paper,10,Louisiana,braraty8i,braraty8i,Egypt,Cogidoo
86166,monitor,52,Texas,lslainey99,lslainey99,Jamaica,Gabcube
10,paper,87,Iowa,bwimpey9l,bwimpey9l,Norway,Feednation
2,laptop,52,Texas,hyakunin9t,hyakunin9t,Swaziland,Twitterlist
418,speaker,82,Connecticut,ttroutbeckad,ttroutbeckad,Chile,Realbuzz
55,screen,77,Connecticut,edashperae,edashperae,New Zealand,Yabox
65264,speaker,90,California,kheliotag,kheliotag,Ireland,Mudo
68,laptop,72,Texas,lshemwellaj,lshemwellaj,Cambodia,Skynoodle
29804,speaker,64,Florida,thoulstonak,thoulstonak,Tunisia,Quinu
9,cpu,34,Texas,cbennettoao,cbennettoao,Democratic Republic of the Congo,Skalith
550,laptop,22,Illinois,lseivwrightay,lseivwrightay,Denmark,Janyx
855,wifi,86,New York,jstickneybt,jstickneybt,Turks and Caicos Islands,Shufflester
9,pen,89,Louisiana,jmaroc0,jmaroc0,Papua New Guinea,Mydeo
247,cpu,57,District of Columbia,istanluckcc,istanluckcc,United Kingdom,Katz
13,wifi,93,Texas,cdenormanvillecd,cdenormanvillecd,Zambia,Meembee
82,speaker,47,Florida,rlowniecf,rlowniecf,Somalia,Eimbee
7222,monitor,14,Idaho,erussoncg,erussoncg,Syria,Brainverse
174,harddisk,21,Arizona,lgodlipdr,lgodlipdr,Bosnia and Herzegovina,Mydo
9,paper,9,California,msilcoxdv,msilcoxdv,Kazakhstan,Aivee
4294,monitor,54,Georgia,jjiraeb,jjiraeb,Macedonia,Minyx
512,mouse,88,Missouri,afindleyeo,afindleyeo,Cook Islands,Zoonoodle
8815,speaker,38,Minnesota,aworsfieldfx,aworsfieldfx,Costa Rica,Devshare
287,screen,70,Indiana,dwattingge,dwattingge,Paraguay,Feedmix
67019,mouse,94,West Virginia,pkubangv,pkubangv,Morocco,Jamia
98,laptop,48,Florida,rveneurh9,rveneurh9,Hungary,Yadel
3,screen,59,Texas,lbettisonhs,lbettisonhs,Uruguay,Jabbersphere
1,mouse,14,Texas,aaudenisia,aaudenisia,Luxembourg,Dabtype
78983,cpu,50,Texas,onicklenis,onicklenis,Netherlands,Devify
6258,laptop,54,District of Columbia,cmansbridgeje,cmansbridgeje,Bolivia,Eadel
77,wifi,13,Georgia,sfishbournejm,sfishbournejm,Eritrea,Mybuzz
64,laptop,51,Texas,wsurpliss0,wsurpliss0,Indonesia,Riffpath
53209,paper,61,North Carolina,sellick1,sellick1,Russia,Gigazoom
45,laptop,100,District of Columbia,gmellenby2,gmellenby2,South Korea,Eare
9227,hdmi,69,Georgia,zalberts3,zalberts3,Myanmar,Vinte
16,speaker,27,Texas,rsparway4,rsparway4,Brazil,Quamba
582,monitor,82,New Jersey,dmetrick6,dmetrick6,Vietnam,Wikivu
69,paper,100,Oklahoma,bparsonson7,bparsonson7,Croatia,Photofeed
12627,pen,53,Texas,rblasing8,rblasing8,Ukraine,Eayo
43705,laptop,73,Florida,wpanichellia,wpanichellia,Canada,Topicblab
8,harddisk,71,California,mgimblettc,mgimblettc,Sierra Leone,Kaymbo
32990,paper,45,Texas,lnovillf,lnovillf,United States,Divanoodle
47318,screen,86,Minnesota,vodeegang,vodeegang,China,Yodoo
122,hdmi,40,California,ssloanei,ssloanei,Poland,Tambee
75999,speaker,37,Texas,ctincknelln,ctincknelln,Nepal,Twitterbeat
749,paper,36,Mississippi,kpechao,kpechao,Greece,Voonix
20,cpu,100,Texas,bsoreyr,bsoreyr,Albania,Zoozzy
461,paper,41,Iowa,wdurwards,wdurwards,Italy,Flipbug
37,hdmi,10,Florida,ekincadez,ekincadez,Pakistan,Zoovu
29,harddisk,97,Indiana,ngartery16,ngartery16,Philippines,Blognation
7789,hdmi,36,New York,ekubasiewicz19,ekubasiewicz19,Argentina,Gigabox
687,speaker,47,Alabama,mmatisse1g,mmatisse1g,Thailand,Wordtune
517,speaker,25,California,mlantiffe1h,mlantiffe1h,United Arab Emirates,Oba
320,pen,68,Wisconsin,dfigger1k,dfigger1k,Sweden,Browsebug
49,wifi,14,Massachusetts,dpimley1n,dpimley1n,Dominican Republic,Thoughtblab
19,speaker,21,Florida,boneligan1o,boneligan1o,Colombia,Geba
3,paper,55,Colorado,kbridgen1p,kbridgen1p,Peru,Ainyx
5290,mouse,13,Ohio,bdargue1r,bdargue1r,Slovenia,Jayo
757,harddisk,38,Texas,bshann1t,bshann1t,Ethiopia,Ailane
7,harddisk,42,Colorado,ischroeder1y,ischroeder1y,Spain,DabZ
6,hdmi,55,Florida,dglen24,dglen24,Yemen,Kamba
65,speaker,41,Indiana,asibly29,asibly29,South Africa,Bubblemix
645,speaker,92,Iowa,ascutter2b,ascutter2b,Jordan,Twitterwire
8,laptop,69,California,ttrownson2d,ttrownson2d,Afghanistan,Tagpad
9449,cpu,78,Massachusetts,reliyahu2e,reliyahu2e,Czech Republic,Twitternation
19,paper,17,Indiana,nklaggeman2g,nklaggeman2g,Mauritius,Agivu
146,harddisk,98,North Carolina,bbalding2h,bbalding2h,France,Photolist
5865,wifi,60,Alabama,edufton2k,edufton2k,Tajikistan,Edgeblab
7,laptop,8,Texas,aashley2o,aashley2o,Germany,Twinte
60,paper,79,Washington,rpaxeford2x,rpaxeford2x,Libya,Eazzy
2592,paper,87,Arizona,ncalbaithe33,ncalbaithe33,Haiti,Linktype
85,monitor,46,New York,aprium38,aprium38,Portugal,Midel
34424,cpu,57,North Carolina,aklain39,aklain39,Nigeria,Aimbo
8948,hdmi,17,Texas,lferrers3c,lferrers3c,Kosovo,Zoomzone
15,mouse,27,Missouri,lriall3q,lriall3q,Barbados,Browsezoom
67,harddisk,26,New York,epeplow3t,epeplow3t,Zimbabwe,Twimm
47274,wifi,84,New York,jfiney3w,jfiney3w,Botswana,Flashset
883,monitor,23,California,erolinson4h,erolinson4h,Finland,Jaxbean
3,speaker,50,North Carolina,odunton4n,odunton4n,Uganda,Vinder
102,hdmi,89,Louisiana,pdoddrell4p,pdoddrell4p,Belarus,Oyoyo
38351,pen,26,District of Columbia,nwestcott4v,nwestcott4v,Switzerland,Yozio
3650,wifi,33,California,tcolman52,tcolman52,Tanzania,Kwinu
84,hdmi,80,Oregon,ddecruze5f,ddecruze5f,Japan,Jabberstorm
78160,pen,12,New Jersey,clivingstone5k,clivingstone5k,Saint Barthelemy,Kwimbee
841,speaker,30,Virginia,jdows5m,jdows5m,Malaysia,Vipe
80865,pen,9,Florida,emoncey5q,emoncey5q,Guatemala,Fivespan
6314,mouse,87,California,bfrissell5w,bfrissell5w,North Korea,Yodel
547,cpu,30,California,itenny5y,itenny5y,Honduras,Yakijo
40469,paper,57,New York,bkeeves62,bkeeves62,Cape Verde,Thoughtbeat
1912,laptop,67,Michigan,agoulding63,agoulding63,Mali,Yoveo
65,monitor,32,District of Columbia,iscritch6c,iscritch6c,Saudi Arabia,Devpoint
67,laptop,81,Nebraska,chollerin6m,chollerin6m,Chad,Flipstorm
3370,monitor,89,Kansas,pdovey6o,pdovey6o,Kiribati,Yamia
1551,cpu,9,Idaho,cbrockie6q,cbrockie6q,Turkmenistan,Voonder
13195,speaker,7,Florida,cesche6t,cesche6t,Namibia,Rooxo
1046,wifi,75,Colorado,bvonderempten6v,bvonderempten6v,Azerbaijan,Dynabox
3,monitor,45,Minnesota,dfarres71,dfarres71,Mayotte,Blogtags
482,pen,23,Utah,mfitt72,mfitt72,Latvia,Jetpulse
8452,wifi,69,Texas,ssapena76,ssapena76,Lithuania,Realmix
2,speaker,15,West Virginia,itroy7k,itroy7k,Mongolia,Meejo
1,wifi,21,New York,wsurpliss0,wsurpliss0,Indonesia,Riffpath
34,mouse,41,District of Columbia,sellick1,sellick1,Russia,Gigazoom
41942,wifi,38,District of Columbia,gmellenby2,gmellenby2,South Korea,Eare
63860,pen,6,Ohio,zalberts3,zalberts3,Myanmar,Vinte
230,wifi,90,Wisconsin,rsparway4,rsparway4,Brazil,Quamba
56,wifi,80,Nevada,dmetrick6,dmetrick6,Vietnam,Wikivu
62,monitor,96,Texas,bparsonson7,bparsonson7,Croatia,Photofeed
30,pen,83,Texas,rblasing8,rblasing8,Ukraine,Eayo
44380,cpu,23,Massachusetts,wpanichellia,wpanichellia,Canada,Topicblab
62,wifi,79,California,mgimblettc,mgimblettc,Sierra Leone,Kaymbo
471,speaker,18,Ohio,lnovillf,lnovillf,United States,Divanoodle
66107,monitor,34,Michigan,vodeegang,vodeegang,China,Yodoo
305,laptop,53,Illinois,ssloanei,ssloanei,Poland,Tambee
2,pen,96,Iowa,ctincknelln,ctincknelln,Nepal,Twitterbeat
25550,monitor,16,New Hampshire,kpechao,kpechao,Greece,Voonix
959,cpu,15,Texas,bsoreyr,bsoreyr,Albania,Zoozzy
6900,speaker,55,Missouri,wdurwards,wdurwards,Italy,Flipbug
66,mouse,45,Oklahoma,ekincadez,ekincadez,Pakistan,Zoovu
1,paper,68,District of Columbia,ngartery16,ngartery16,Philippines,Blognation
73,wifi,95,Florida,ekubasiewicz19,ekubasiewicz19,Argentina,Gigabox
6,monitor,71,Oklahoma,mmatisse1g,mmatisse1g,Thailand,Wordtune
51495,paper,20,Virginia,mlantiffe1h,mlantiffe1h,United Arab Emirates,Oba
391,hdmi,85,Kentucky,dfigger1k,dfigger1k,Sweden,Browsebug
592,hdmi,37,District of Columbia,dpimley1n,dpimley1n,Dominican Republic,Thoughtblab
479,cpu,52,New York,boneligan1o,boneligan1o,Colombia,Geba
928,laptop,72,California,kbridgen1p,kbridgen1p,Peru,Ainyx
4,harddisk,60,Ohio,bdargue1r,bdargue1r,Slovenia,Jayo
3,pen,9,California,bshann1t,bshann1t,Ethiopia,Ailane
66,harddisk,21,Maryland,ischroeder1y,ischroeder1y,Spain,DabZ
89,speaker,97,District of Columbia,dglen24,dglen24,Yemen,Kamba
6996,speaker,50,North Carolina,asibly29,asibly29,South Africa,Bubblemix
70991,screen,41,Hawaii,ascutter2b,ascutter2b,Jordan,Twitterwire
1992,harddisk,37,Indiana,ttrownson2d,ttrownson2d,Afghanistan,Tagpad
5001,wifi,72,Iowa,reliyahu2e,reliyahu2e,Czech Republic,Twitternation
83397,mouse,63,New York,nklaggeman2g,nklaggeman2g,Mauritius,Agivu
4,pen,63,North Carolina,bbalding2h,bbalding2h,France,Photolist
2737,speaker,99,California,edufton2k,edufton2k,Tajikistan,Edgeblab
22,laptop,68,Massachusetts,aashley2o,aashley2o,Germany,Twinte
41,laptop,22,New York,rpaxeford2x,rpaxeford2x,Libya,Eazzy
23,harddisk,28,Kentucky,ncalbaithe33,ncalbaithe33,Haiti,Linktype
2181,wifi,80,New York,aprium38,aprium38,Portugal,Midel
6499,speaker,100,Pennsylvania,aklain39,aklain39,Nigeria,Aimbo
1144,harddisk,50,North Carolina,lferrers3c,lferrers3c,Kosovo,Zoomzone
0,pen,14,California,lriall3q,lriall3q,Barbados,Browsezoom
1922,mouse,96,Florida,epeplow3t,epeplow3t,Zimbabwe,Twimm
7,speaker,43,Tennessee,jfiney3w,jfiney3w,Botswana,Flashset
4765,harddisk,13,Colorado,erolinson4h,erolinson4h,Finland,Jaxbean
2880,cpu,46,Texas,odunton4n,odunton4n,Uganda,Vinder
2997,monitor,86,Idaho,pdoddrell4p,pdoddrell4p,Belarus,Oyoyo
95111,mouse,42,California,nwestcott4v,nwestcott4v,Switzerland,Yozio
1,wifi,19,California,tcolman52,tcolman52,Tanzania,Kwinu
61,mouse,5,New Jersey,ddecruze5f,ddecruze5f,Japan,Jabberstorm
38,harddisk,29,Illinois,clivingstone5k,clivingstone5k,Saint Barthelemy,Kwimbee
3175,hdmi,47,Florida,jdows5m,jdows5m,Malaysia,Vipe
58,speaker,33,New York,emoncey5q,emoncey5q,Guatemala,Fivespan
47437,speaker,77,Louisiana,bfrissell5w,bfrissell5w,North Korea,Yodel
17865,pen,84,Florida,itenny5y,itenny5y,Honduras,Yakijo
1,laptop,32,Texas,bkeeves62,bkeeves62,Cape Verde,Thoughtbeat
483,laptop,38,Florida,agoulding63,agoulding63,Mali,Yoveo
3789,harddisk,29,New York,iscritch6c,iscritch6c,Saudi Arabia,Devpoint
5491,harddisk,69,Connecticut,chollerin6m,chollerin6m,Chad,Flipstorm
268,screen,59,Minnesota,pdovey6o,pdovey6o,Kiribati,Yamia
4,speaker,8,Tennessee,cbrockie6q,cbrockie6q,Turkmenistan,Voonder
45952,cpu,84,Pennsylvania,cesche6t,cesche6t,Namibia,Rooxo
7569,mouse,53,California,bvonderempten6v,bvonderempten6v,Azerbaijan,Dynabox
9,laptop,54,Missouri,dfarres71,dfarres71,Mayotte,Blogtags
53,mouse,39,California,mfitt72,mfitt72,Latvia,Jetpulse
122,screen,66,California,ssapena76,ssapena76,Lithuania,Realmix
5127,wifi,21,Florida,itroy7k,itroy7k,Mongolia,Meejo
32,paper,61,California,vwillard7q,vwillard7q,Iran,Mita
662,pen,45,Idaho,mhaggerwood80,mhaggerwood80,Cuba,Buzzster
537,wifi,34,Washington,cvarcoe83,cvarcoe83,Bulgaria,Voomm
6254,harddisk,69,Texas,vhabbon87,vhabbon87,Mexico,Centidel
5,laptop,9,Florida,ctidridge89,ctidridge89,Venezuela,Skaboo
4051,wifi,69,Minnesota,braraty8i,braraty8i,Egypt,Cogidoo
1,paper,88,District of Columbia,lslainey99,lslainey99,Jamaica,Gabcube
3,harddisk,67,Texas,bwimpey9l,bwimpey9l,Norway,Feednation
204,cpu,29,Georgia,hyakunin9t,hyakunin9t,Swaziland,Twitterlist
603,cpu,59,Minnesota,ttroutbeckad,ttroutbeckad,Chile,Realbuzz
1681,monitor,23,District of Columbia,wsurpliss0,wsurpliss0,Indonesia,Riffpath
695,laptop,75,Arizona,sellick1,sellick1,Russia,Gigazoom
6,harddisk,47,Ohio,gmellenby2,gmellenby2,South Korea,Eare
3,mouse,72,California,zalberts3,zalberts3,Myanmar,Vinte
6,cpu,55,Connecticut,rsparway4,rsparway4,Brazil,Quamba
7,cpu,97,Texas,dmetrick6,dmetrick6,Vietnam,Wikivu
27,cpu,84,Minnesota,bparsonson7,bparsonson7,Croatia,Photofeed
519,paper,25,Georgia,rblasing8,rblasing8,Ukraine,Eayo
4,monitor,30,Hawaii,wpanichellia,wpanichellia,Canada,Topicblab
0,pen,71,Texas,mgimblettc,mgimblettc,Sierra Leone,Kaymbo
4009,cpu,13,California,lnovillf,lnovillf,United States,Divanoodle
80,screen,50,Alabama,vodeegang,vodeegang,China,Yodoo
7855,harddisk,80,Texas,ssloanei,ssloanei,Poland,Tambee
9261,monitor,88,West Virginia,ctincknelln,ctincknelln,Nepal,Twitterbeat
7,pen,41,New York,kpechao,kpechao,Greece,Voonix
590,monitor,6,Nevada,bsoreyr,bsoreyr,Albania,Zoozzy
9482,pen,15,Texas,wdurwards,wdurwards,Italy,Flipbug
916,pen,52,Pennsylvania,ekincadez,ekincadez,Pakistan,Zoovu
3,harddisk,39,Florida,ngartery16,ngartery16,Philippines,Blognation
9283,screen,97,Texas,ekubasiewicz19,ekubasiewicz19,Argentina,Gigabox
47090,harddisk,81,Illinois,mmatisse1g,mmatisse1g,Thailand,Wordtune
51,monitor,22,Kentucky,mlantiffe1h,mlantiffe1h,United Arab Emirates,Oba
412,cpu,91,Ohio,dfigger1k,dfigger1k,Sweden,Browsebug
91,speaker,18,California,dpimley1n,dpimley1n,Dominican Republic,Thoughtblab
2,wifi,52,Texas,boneligan1o,boneligan1o,Colombia,Geba
88543,cpu,86,Texas,kbridgen1p,kbridgen1p,Peru,Ainyx
64,cpu,50,Texas,bdargue1r,bdargue1r,Slovenia,Jayo
366,hdmi,63,Oklahoma,bshann1t,bshann1t,Ethiopia,Ailane
1903,wifi,64,Minnesota,ischroeder1y,ischroeder1y,Spain,DabZ
243,paper,33,Ohio,dglen24,dglen24,Yemen,Kamba
4,speaker,29,New York,asibly29,asibly29,South Africa,Bubblemix
2,mouse,96,California,ascutter2b,ascutter2b,Jordan,Twitterwire
8,speaker,90,California,ttrownson2d,ttrownson2d,Afghanistan,Tagpad
405,wifi,20,Florida,reliyahu2e,reliyahu2e,Czech Republic,Twitternation
787,harddisk,95,District of Columbia,nklaggeman2g,nklaggeman2g,Mauritius,Agivu
5247,paper,32,Ohio,bbalding2h,bbalding2h,France,Photolist
89,wifi,58,Texas,edufton2k,edufton2k,Tajikistan,Edgeblab
1,paper,6,Alabama,aashley2o,aashley2o,Germany,Twinte
65,pen,45,Texas,rpaxeford2x,rpaxeford2x,Libya,Eazzy
66740,cpu,83,Georgia,ncalbaithe33,ncalbaithe33,Haiti,Linktype
23550,cpu,26,Missouri,aprium38,aprium38,Portugal,Midel
1073,cpu,46,Massachusetts,aklain39,aklain39,Nigeria,Aimbo
279,wifi,68,Alabama,lferrers3c,lferrers3c,Kosovo,Zoomzone
23894,mouse,51,Virginia,lriall3q,lriall3q,Barbados,Browsezoom
8,paper,7,Texas,epeplow3t,epeplow3t,Zimbabwe,Twimm
8146,screen,68,Texas,jfiney3w,jfiney3w,Botswana,Flashset
8,pen,56,Ohio,erolinson4h,erolinson4h,Finland,Jaxbean
13742,mouse,83,Texas,odunton4n,odunton4n,Uganda,Vinder
69195,mouse,99,Pennsylvania,pdoddrell4p,pdoddrell4p,Belarus,Oyoyo
2027,monitor,32,Illinois,nwestcott4v,nwestcott4v,Switzerland,Yozio
794,laptop,55,Louisiana,tcolman52,tcolman52,Tanzania,Kwinu
40,speaker,81,Iowa,ddecruze5f,ddecruze5f,Japan,Jabberstorm
10318,monitor,84,Ohio,clivingstone5k,clivingstone5k,Saint Barthelemy,Kwimbee
9628,paper,11,New York,jdows5m,jdows5m,Malaysia,Vipe
22620,harddisk,57,California,emoncey5q,emoncey5q,Guatemala,Fivespan
0,speaker,62,Virginia,bfrissell5w,bfrissell5w,North Korea,Yodel
0,paper,33,Minnesota,itenny5y,itenny5y,Honduras,Yakijo
395,monitor,40,Oklahoma,bkeeves62,bkeeves62,Cape Verde,Thoughtbeat
81766,speaker,14,Nevada,agoulding63,agoulding63,Mali,Yoveo
0,screen,62,Ohio,iscritch6c,iscritch6c,Saudi Arabia,Devpoint
66184,laptop,59,New York,chollerin6m,chollerin6m,Chad,Flipstorm
36205,speaker,94,California,pdovey6o,pdovey6o,Kiribati,Yamia
68,mouse,43,Iowa,cbrockie6q,cbrockie6q,Turkmenistan,Voonder
37796,harddisk,83,Texas,cesche6t,cesche6t,Namibia,Rooxo
,,,,bvonderempten6v,bvonderempten6v,Azerbaijan,Dynabox
,,,,dfarres71,dfarres71,Mayotte,Blogtags
,,,,mfitt72,mfitt72,Latvia,Jetpulse
,,,,ssapena76,ssapena76,Lithuania,Realmix
,,,,itroy7k,itroy7k,Mongolia,Meejo
,,,,vwillard7q,vwillard7q,Iran,Mita
,,,,mhaggerwood80,mhaggerwood80,Cuba,Buzzster
,,,,cvarcoe83,cvarcoe83,Bulgaria,Voomm
,,,,vhabbon87,vhabbon87,Mexico,Centidel
,,,,ctidridge89,ctidridge89,Venezuela,Skaboo
,,,,braraty8i,braraty8i,Egypt,Cogidoo
,,,,lslainey99,lslainey99,Jamaica,Gabcube
,,,,bwimpey9l,bwimpey9l,Norway,Feednation
,,,,hyakunin9t,hyakunin9t,Swaziland,Twitterlist
,,,,ttroutbeckad,ttroutbeckad,Chile,Realbuzz
,,,,edashperae,edashperae,New Zealand,Yabox
,,,,kheliotag,kheliotag,Ireland,Mudo
,,,,lshemwellaj,lshemwellaj,Cambodia,Skynoodle
,,,,thoulstonak,thoulstonak,Tunisia,Quinu
,,,,cbennettoao,cbennettoao,Democratic Republic of the Congo,Skalith
,,,,lseivwrightay,lseivwrightay,Denmark,Janyx
,,,,jstickneybt,jstickneybt,Turks and Caicos Islands,Shufflester
,,,,jmaroc0,jmaroc0,Papua New Guinea,Mydeo
,,,,istanluckcc,istanluckcc,United Kingdom,Katz
,,,,cdenormanvillecd,cdenormanvillecd,Zambia,Meembee
,,,,rlowniecf,rlowniecf,Somalia,Eimbee
,,,,erussoncg,erussoncg,Syria,Brainverse
,,,,lgodlipdr,lgodlipdr,Bosnia and Herzegovina,Mydo
,,,,msilcoxdv,msilcoxdv,Kazakhstan,Aivee
,,,,jjiraeb,jjiraeb,Macedonia,Minyx
,,,,afindleyeo,afindleyeo,Cook Islands,Zoonoodle
,,,,aworsfieldfx,aworsfieldfx,Costa Rica,Devshare
,,,,dwattingge,dwattingge,Paraguay,Feedmix
,,,,pkubangv,pkubangv,Morocco,Jamia
,,,,rveneurh9,rveneurh9,Hungary,Yadel
,,,,lbettisonhs,lbettisonhs,Uruguay,Jabbersphere
,,,,aaudenisia,aaudenisia,Luxembourg,Dabtype
,,,,onicklenis,onicklenis,Netherlands,Devify
,,,,cmansbridgeje,cmansbridgeje,Bolivia,Eadel
,,,,sfishbournejm,sfishbournejm,Eritrea,Mybuzz
,,,,rparkhousejp,rparkhousejp,Iceland,Digitube
,,,,ztomczykowskikw,ztomczykowskikw,Mauritania,Demizz
,,,,kbosomworthl5,kbosomworthl5,Cameroon,Dynazzy
,,,,fmorgonm5,fmorgonm5,Tokelau,Livepath
,,,,mschoenfischmc,mschoenfischmc,Central African Republic,Eamia
,,,,hhartlymh,hhartlymh,Georgia,Innojam
,,,,aberryn7,aberryn7,Ecuador,Zoomcast
,,,,lmchalenm,lmchalenm,Kenya,Quire
,,,,sengallo2,sengallo2,Palestinian Territory,Roombo
,,,,lioannidiso4,lioannidiso4,Iraq,Buzzbean
,,,,mcockarillpw,mcockarillpw,Comoros,Abatz
,,,,khaliburnq0,khaliburnq0,Estonia,Meevee
,,,,rsterzakerr9,rsterzakerr9,South Sudan,Babbleblab
,,,,lmochanri,lmochanri,Senegal,Skibox
