itemid,inventoryid,itemname,Description,itemgroup,quantity,Location,uniteofmeasure,costperunit,status,createddate,Expirationdate,image
1,6,dell laptop,,electronics,59,Texas,,400,Sold out,10-28-17,09-26-21,
2,8,Intel cpu,,electronics,48,Nevada,,100,Sold out,04-12-17,11-09-20,
3,12,Dell Wifi router,,computer accessories,29,Texas,,50,In Stock,03-17-17,12-27-21,
4,5,JBL Speakers,,computer accessories,5,Florida,,80,In Stock,01-07-17,12-05-20,
5,1,Lenovo Screen,,electronics,86,North Carolina,,35,Sold out,10-17-16,10-03-21,
6,16,Mount Blanc Pen,,electronics,48,Texas,,25,In Stock,07-29-17,11-02-20,
7,19,Staples Paper,,stationary,5,Texas,,65,Sold out,09-12-17,10-15-21,
8,10,Dell Mouse,,computer accessories,44,Florida,,20,In Stock,10-25-17,02-23-20,
9,2,Samsung monitor,,electronics,51,Massachusetts,,130,In Stock,06-30-17,06-22-20,
10,3,Lenovo HDMI,,computer accessories,17,Nebraska,,15,In Stock,06-16-17,08-02-20,
11,13,Seagate Harddisk,,computer accessories,78,Oregon,,95,Sold out,10-16-16,09-24-21,
12,23,dell laptop,,electronics,82,Ohio,,400,In Stock,11-26-16,12-01-21,
13,15,Intel cpu,,electronics,16,Tennessee,,100,Sold out,09-08-16,03-19-20,
14,22,Dell Wifi router,,computer accessories,76,Arizona,,50,Sold out,10-05-17,04-07-20,
15,11,JBL Speakers,,computer accessories,14,Tennessee,,80,Need New Stock,10-07-16,12-03-20,
16,14,Lenovo Screen,,electronics,78,California,,35,Sold out,01-15-17,02-18-20,
17,17,Mount Blanc Pen,,electronics,44,Ohio,,25,Sold out,08-02-16,07-24-21,
18,54,Staples Paper,,stationary,83,California,,65,In Stock,04-12-17,02-10-20,
19,24,Dell Mouse,,computer accessories,75,Texas,,20,Need New Stock,10-04-16,08-05-21,
20,4,Samsung monitor,,electronics,90,Florida,,130,Need New Stock,09-10-16,06-03-21,
21,7,Lenovo HDMI,,computer accessories,26,Oklahoma,,15,Sold out,02-10-17,11-03-20,
22,20,Seagate Harddisk,,computer accessories,89,Washington,,95,In Stock,05-28-17,04-12-20,
23,31,dell laptop,,electronics,43,Virginia,,400,Sold out,01-29-17,05-25-21,
24,21,Intel cpu,,electronics,40,Arizona,,100,In Stock,06-20-17,09-07-20,
25,25,Dell Wifi router,,computer accessories,89,Texas,,50,Need New Stock,06-14-17,11-09-21,
26,30,JBL Speakers,,computer accessories,78,Pennsylvania,,80,Sold out,08-19-17,03-31-21,
27,39,Lenovo Screen,,electronics,85,Alabama,,35,Sold out,05-27-17,12-27-20,
28,18,Mount Blanc Pen,,stationary,33,New York,,25,In Stock,07-30-17,12-13-21,
29,73,Staples Paper,,stationary,25,South Carolina,,65,Sold out,05-02-17,08-23-21,
30,37,Dell Mouse,,computer accessories,83,New York,,20,Sold out,11-18-16,05-07-20,
31,44,Samsung monitor,,electronics,49,Michigan,,130,Sold out,11-22-16,03-28-20,
32,9,Lenovo HDMI,,computer accessories,96,Florida,,15,In Stock,12-29-16,06-27-20,
33,27,Seagate Harddisk,,computer accessories,77,Florida,,95,In Stock,06-28-17,06-25-21,
34,34,dell laptop,,electronics,81,Pennsylvania,,400,Need New Stock,08-27-17,01-18-21,
35,40,Intel cpu,,electronics,58,Texas,,100,Sold out,03-08-17,05-17-21,
36,49,Dell Wifi router,,computer accessories,50,Illinois,,50,In Stock,01-17-17,10-07-20,
37,33,JBL Speakers,,computer accessories,90,Kansas,,80,Sold out,04-27-17,02-18-21,
38,47,Lenovo Screen,,electronics,46,Oregon,,35,In Stock,09-26-17,03-18-20,
39,26,Mount Blanc Pen,,stationary,23,Texas,,25,Need New Stock,08-03-17,03-01-20,
40,78,Staples Paper,,stationary,22,Missouri,,65,Sold out,09-12-17,09-24-21,
41,42,Dell Mouse,,computer accessories,59,Texas,,20,In Stock,12-11-16,10-14-20,
42,68,Samsung monitor,,electronics,77,Minnesota,,130,In Stock,01-26-17,02-13-21,
43,28,Lenovo HDMI,,computer accessories,78,New York,,15,Sold out,06-04-17,02-08-20,
44,45,Seagate Harddisk,,computer accessories,33,Virginia,,95,Sold out,10-21-17,10-30-20,
45,38,dell laptop,,electronics,47,California,,400,Sold out,09-01-17,10-30-21,
46,56,Intel cpu,,electronics,7,Tennessee,,100,Need New Stock,12-03-16,07-05-20,
47,55,Dell Wifi router,,computer accessories,24,Illinois,,50,Sold out,12-28-16,11-03-20,
48,46,JBL Speakers,,computer accessories,19,District of Columbia,,80,Sold out,10-18-17,10-15-20,
49,48,Lenovo Screen,,electronics,37,Louisiana,,35,Need New Stock,08-19-16,07-03-21,
50,29,Mount Blanc Pen,,stationary,33,Colorado,,25,Need New Stock,08-12-17,04-08-20,
51,80,Staples Paper,,stationary,6,New York,,65,Sold out,10-19-16,07-31-21,
52,51,Dell Mouse,,computer accessories,65,Iowa,,20,Need New Stock,08-20-17,11-20-21,
53,74,Samsung monitor,,electronics,60,Oklahoma,,130,Sold out,06-04-17,10-02-21,
54,32,Lenovo HDMI,,computer accessories,76,Virginia,,15,Need New Stock,12-07-16,03-18-21,
55,82,Seagate Harddisk,,computer accessories,46,Pennsylvania,,95,Sold out,08-10-17,09-20-20,
56,43,dell laptop,,electronics,6,Massachusetts,,400,Need New Stock,01-14-17,06-12-21,
57,62,Intel cpu,,electronics,93,Florida,,100,In Stock,12-17-16,11-18-21,
58,60,Dell Wifi router,,computer accessories,40,District of Columbia,,50,Sold out,05-29-17,08-28-21,
59,50,JBL Speakers,,computer accessories,22,District of Columbia,,80,Sold out,02-27-17,07-16-20,
60,77,Lenovo Screen,,electronics,87,California,,35,Need New Stock,05-28-17,07-16-21,
61,35,Mount Blanc Pen,,stationary,6,Arkansas,,25,Need New Stock,01-09-17,03-30-21,
62,94,Staples Paper,,stationary,88,California,,65,Sold out,09-07-16,04-29-20,
63,52,Dell Mouse,,computer accessories,65,Louisiana,,20,In Stock,10-05-17,06-12-21,
64,99,Samsung monitor,,electronics,42,New York,,130,In Stock,08-28-17,10-28-21,
65,36,Lenovo HDMI,,computer accessories,40,Missouri,,15,Sold out,06-02-17,09-27-21,
66,87,Seagate Harddisk,,computer accessories,26,District of Columbia,,95,Need New Stock,02-05-17,02-16-20,
67,59,dell laptop,,electronics,48,Texas,,400,Sold out,07-27-17,03-17-21,
68,64,Intel cpu,,electronics,12,Georgia,,100,Sold out,04-02-17,03-02-21,
69,63,Dell Wifi router,,computer accessories,81,New York,,50,Sold out,08-22-16,03-02-21,
70,58,JBL Speakers,,computer accessories,68,New Jersey,,80,In Stock,05-28-17,05-25-20,
71,84,Lenovo Screen,,electronics,92,Ohio,,35,In Stock,09-03-17,09-18-21,
72,61,Mount Blanc Pen,,stationary,75,Virginia,,25,Sold out,10-03-16,03-15-20,
73,100,Staples Paper,,stationary,83,Massachusetts,,65,Sold out,01-04-17,10-10-21,
74,67,Dell Mouse,,computer accessories,15,Arkansas,,20,Need New Stock,03-06-17,02-04-20,
75,2,Samsung monitor,,electronics,69,California,,130,Sold out,09-06-17,06-19-21,
76,41,Lenovo HDMI,,computer accessories,96,Florida,,15,In Stock,10-09-17,04-08-20,
77,92,Seagate Harddisk,,computer accessories,91,Montana,,95,In Stock,09-30-17,08-27-21,
78,81,dell laptop,,electronics,88,California,,400,Sold out,02-08-17,07-03-20,
79,69,Intel cpu,,electronics,10,District of Columbia,,100,Need New Stock,06-04-17,11-13-20,
80,70,Dell Wifi router,,computer accessories,94,Minnesota,,50,Need New Stock,10-30-17,04-04-20,
81,66,JBL Speakers,,computer accessories,85,Alabama,,80,Sold out,09-20-17,09-01-21,
82,96,Lenovo Screen,,electronics,30,Texas,,35,In Stock,08-12-17,01-10-21,
83,65,Mount Blanc Pen,,stationary,60,Washington,,25,Sold out,09-25-16,07-17-20,
84,19,Staples Paper,,stationary,91,Indiana,,65,In Stock,04-23-17,01-18-21,
85,75,Dell Mouse,,computer accessories,83,California,,20,In Stock,11-28-16,11-18-21,
86,4,Samsung monitor,,electronics,40,California,,130,Need New Stock,10-09-17,12-29-20,
87,53,Lenovo HDMI,,computer accessories,83,Kansas,,15,Need New Stock,04-12-17,05-14-21,
88,93,Seagate Harddisk,,computer accessories,35,Alabama,,95,In Stock,12-12-16,05-02-20,
89,88,dell laptop,,electronics,74,New York,,400,Sold out,11-10-16,06-22-21,
90,86,Intel cpu,,electronics,99,District of Columbia,,100,Need New Stock,01-09-17,01-19-21,
91,71,Dell Wifi router,,computer accessories,90,Nevada,,50,Sold out,10-29-17,03-28-21,
92,76,JBL Speakers,,computer accessories,69,Texas,,80,In Stock,03-25-17,10-05-21,
93,98,Lenovo Screen,,electronics,33,New York,,35,Need New Stock,09-12-16,06-07-20,
94,104,Mount Blanc Pen,,stationary,70,Texas,,25,Sold out,10-17-16,08-17-21,
95,54,Staples Paper,,stationary,52,Georgia,,65,In Stock,04-11-17,01-31-21,
96,97,Dell Mouse,,computer accessories,45,Florida,,20,Need New Stock,03-11-17,09-12-20,
97,44,Samsung monitor,,electronics,72,Illinois,,130,Need New Stock,11-30-16,02-15-21,
98,57,Lenovo HDMI,,computer accessories,6,Texas,,15,In Stock,07-17-17,06-24-20,
99,109,Seagate Harddisk,,computer accessories,25,North Carolina,,95,Need New Stock,10-02-17,10-08-20,
100,91,dell laptop,,electronics,12,Florida,,400,Sold out,12-15-16,07-02-20,
101,95,Intel cpu,,electronics,34,District of Columbia,,100,Sold out,09-27-17,01-03-21,
102,72,Dell Wifi router,,computer accessories,7,California,,50,In Stock,10-23-16,06-20-21,
103,79,JBL Speakers,,computer accessories,47,California,,80,Need New Stock,01-08-17,05-04-21,
104,102,Lenovo Screen,,electronics,8,South Carolina,,35,Need New Stock,08-14-17,08-15-20,
105,113,Mount Blanc Pen,,stationary,64,Pennsylvania,,25,Sold out,04-19-17,04-11-20,
106,73,Staples Paper,,stationary,67,California,,65,Sold out,09-28-17,02-08-20,
107,112,Dell Mouse,,computer accessories,36,California,,20,Need New Stock,07-02-17,03-01-21,
108,68,Samsung monitor,,electronics,36,Idaho,,130,In Stock,10-01-16,06-04-20,
109,106,Lenovo HDMI,,computer accessories,95,Massachusetts,,15,Sold out,03-22-17,05-14-21,
110,116,Seagate Harddisk,,computer accessories,20,New York,,95,Need New Stock,02-19-17,08-28-21,
111,101,dell laptop,,electronics,66,Montana,,400,Sold out,04-03-17,10-19-21,
112,103,Intel cpu,,electronics,60,New York,,100,Sold out,05-23-17,11-19-21,
113,83,Dell Wifi router,,computer accessories,8,Louisiana,,50,In Stock,12-23-16,12-19-20,
114,89,JBL Speakers,,computer accessories,34,District of Columbia,,80,Need New Stock,04-17-17,08-10-21,
115,115,Lenovo Screen,,electronics,19,Connecticut,,35,In Stock,09-30-16,02-02-21,
116,16,Mount Blanc Pen,,stationary,21,North Carolina,,25,Need New Stock,11-16-16,06-09-21,
117,78,Staples Paper,,stationary,19,New York,,65,In Stock,04-03-17,06-12-20,
118,114,Dell Mouse,,computer accessories,57,Texas,,20,In Stock,02-08-17,08-11-21,
119,74,Samsung monitor,,electronics,6,Texas,,130,In Stock,04-14-17,01-09-21,
120,110,Lenovo HDMI,,computer accessories,68,Illinois,,15,Need New Stock,02-21-17,03-07-20,
121,13,Seagate Harddisk,,computer accessories,9,Michigan,,95,Sold out,03-03-17,01-30-21,
122,108,dell laptop,,electronics,28,Arizona,,400,Need New Stock,08-07-16,05-08-20,
123,107,Intel cpu,,electronics,84,Utah,,100,Sold out,07-04-17,11-14-21,
124,85,Dell Wifi router,,computer accessories,69,Kentucky,,50,Sold out,05-01-17,08-16-20,
125,105,JBL Speakers,,computer accessories,72,Minnesota,,80,In Stock,09-11-16,06-27-20,
126,1,Lenovo Screen,,electronics,39,District of Columbia,,35,In Stock,11-03-16,06-18-21,
127,17,Mount Blanc Pen,,stationary,89,Oregon,,25,Need New Stock,12-08-16,12-09-21,
128,80,Staples Paper,,stationary,70,Pennsylvania,,65,In Stock,02-20-17,08-02-21,
129,10,Dell Mouse,,computer accessories,63,Kansas,,20,Need New Stock,09-26-16,09-27-21,
130,99,Samsung monitor,,electronics,38,Pennsylvania,,130,Sold out,05-09-17,10-25-20,
131,3,Lenovo HDMI,,computer accessories,83,Virginia,,15,In Stock,09-24-16,03-20-20,
132,20,Seagate Harddisk,,computer accessories,46,Florida,,95,Need New Stock,04-20-17,03-21-21,
133,117,dell laptop,,electronics,24,Ohio,,400,In Stock,04-22-17,11-17-21,
134,8,Intel cpu,,electronics,91,California,,100,Sold out,07-26-17,08-31-20,
135,90,Dell Wifi router,,computer accessories,7,Texas,,50,In Stock,09-09-17,09-13-20,
136,111,JBL Speakers,,computer accessories,32,Florida,,80,Sold out,06-17-17,03-01-21,
137,14,Lenovo Screen,,electronics,46,Massachusetts,,35,Sold out,05-15-17,07-07-20,
138,18,Mount Blanc Pen,,stationary,69,California,,25,In Stock,09-06-16,04-27-20,
139,94,Staples Paper,,stationary,88,Pennsylvania,,65,Sold out,06-06-17,10-23-20,
140,24,Dell Mouse,,computer accessories,12,California,,20,Need New Stock,10-28-16,05-13-20,
141,2,Samsung monitor,,electronics,27,Louisiana,,130,Need New Stock,07-05-17,05-04-21,
142,7,Lenovo HDMI,,computer accessories,16,North Carolina,,15,Need New Stock,11-04-16,02-14-20,
143,27,Seagate Harddisk,,computer accessories,31,Idaho,,95,Need New Stock,02-22-17,08-10-20,
144,6,dell laptop,,electronics,15,Alabama,,400,Need New Stock,09-12-16,03-11-20,
145,15,Intel cpu,,electronics,85,Texas,,100,Need New Stock,11-21-16,02-04-20,
146,12,Dell Wifi router,,computer accessories,8,New York,,50,Sold out,09-07-16,09-06-20,
147,5,JBL Speakers,,computer accessories,81,Iowa,,80,Sold out,06-25-17,08-23-21,
148,39,Lenovo Screen,,electronics,98,Illinois,,35,Sold out,05-11-17,10-18-20,
149,26,Mount Blanc Pen,,stationary,51,Ohio,,25,Need New Stock,10-16-16,11-17-20,
150,100,Staples Paper,,stationary,29,Missouri,,65,Sold out,03-05-17,03-29-20,
151,37,Dell Mouse,,computer accessories,100,California,,20,Need New Stock,07-14-17,08-18-21,
152,4,Samsung monitor,,electronics,39,Louisiana,,130,Need New Stock,01-08-17,09-26-20,
153,9,Lenovo HDMI,,computer accessories,30,Texas,,15,Sold out,07-30-17,02-20-20,
154,45,Seagate Harddisk,,computer accessories,98,Florida,,95,Sold out,01-22-17,05-10-20,
155,23,dell laptop,,electronics,11,Colorado,,400,Sold out,02-09-17,10-10-21,
156,21,Intel cpu,,electronics,99,District of Columbia,,100,Need New Stock,04-05-17,12-19-20,
157,22,Dell Wifi router,,computer accessories,11,Georgia,,50,Need New Stock,11-07-16,06-05-21,
158,11,JBL Speakers,,computer accessories,23,Indiana,,80,Sold out,11-16-16,12-27-21,
159,47,Lenovo Screen,,electronics,6,Ohio,,35,In Stock,09-10-16,10-03-20,
160,29,Mount Blanc Pen,,stationary,89,Michigan,,25,Sold out,06-10-17,09-17-20,
161,19,Staples Paper,,stationary,76,Florida,,65,Need New Stock,10-30-16,11-23-20,
162,42,Dell Mouse,,computer accessories,41,Virginia,,20,In Stock,10-22-16,03-21-20,
163,44,Samsung monitor,,electronics,70,Kentucky,,130,Need New Stock,08-29-16,05-13-20,
164,28,Lenovo HDMI,,computer accessories,97,North Carolina,,15,Need New Stock,09-05-17,06-09-21,
165,82,Seagate Harddisk,,computer accessories,92,California,,95,Sold out,12-03-16,06-04-21,
166,31,dell laptop,,electronics,53,Nevada,,400,Need New Stock,09-18-16,10-16-20,
167,40,Intel cpu,,electronics,78,Florida,,100,Need New Stock,08-28-17,05-04-21,
168,25,Dell Wifi router,,computer accessories,68,Washington,,50,Sold out,04-28-17,03-29-21,
169,30,JBL Speakers,,computer accessories,29,Georgia,,80,Need New Stock,10-16-17,05-12-21,
170,48,Lenovo Screen,,electronics,38,New York,,35,In Stock,06-18-17,11-08-20,
171,35,Mount Blanc Pen,,stationary,10,Pennsylvania,,25,Need New Stock,10-03-17,11-25-20,
172,54,Staples Paper,,stationary,88,New York,,65,Sold out,11-28-16,03-26-20,
173,51,Dell Mouse,,computer accessories,74,Pennsylvania,,20,In Stock,09-09-16,04-22-21,
174,68,Samsung monitor,,electronics,97,Texas,,130,Sold out,08-07-17,04-07-20,
175,32,Lenovo HDMI,,computer accessories,90,Utah,,15,In Stock,01-18-17,06-25-20,
176,87,Seagate Harddisk,,computer accessories,14,Oregon,,95,Need New Stock,09-08-16,09-10-21,
177,34,dell laptop,,electronics,84,New York,,400,In Stock,06-06-17,03-18-21,
178,56,Intel cpu,,electronics,79,South Carolina,,100,Sold out,03-29-17,09-27-20,
179,49,Dell Wifi router,,computer accessories,37,Colorado,,50,Need New Stock,02-23-17,06-01-20,
180,33,JBL Speakers,,computer accessories,68,Colorado,,80,Sold out,09-11-16,01-08-21,
181,77,Lenovo Screen,,electronics,96,New York,,35,Need New Stock,03-04-17,05-29-20,
182,61,Mount Blanc Pen,,stationary,7,Michigan,,25,In Stock,06-23-17,08-03-21,
183,73,Staples Paper,,stationary,68,Texas,,65,In Stock,12-14-16,09-10-20,
184,52,Dell Mouse,,computer accessories,23,Louisiana,,20,Need New Stock,09-18-17,11-28-20,
185,74,Samsung monitor,,electronics,77,Arizona,,130,Need New Stock,05-28-17,10-11-21,
186,36,Lenovo HDMI,,computer accessories,51,California,,15,Sold out,12-08-16,12-13-20,
187,92,Seagate Harddisk,,computer accessories,28,New York,,95,Need New Stock,02-23-17,05-29-21,
188,38,dell laptop,,electronics,25,Pennsylvania,,400,Sold out,11-25-16,09-02-20,
189,62,Intel cpu,,electronics,40,California,,100,Need New Stock,10-19-17,09-07-20,
190,55,Dell Wifi router,,computer accessories,32,Florida,,50,In Stock,08-18-16,01-14-21,
191,46,JBL Speakers,,computer accessories,16,Colorado,,80,Sold out,12-24-16,04-01-21,
192,84,Lenovo Screen,,electronics,74,Iowa,,35,Need New Stock,10-29-17,02-22-20,
193,65,Mount Blanc Pen,,stationary,97,Texas,,25,In Stock,08-25-16,08-16-20,
194,78,Staples Paper,,stationary,44,Washington,,65,Need New Stock,01-04-17,05-19-20,
195,67,Dell Mouse,,computer accessories,7,Michigan,,20,Need New Stock,10-11-16,02-05-20,
196,99,Samsung monitor,,electronics,57,Texas,,130,Need New Stock,12-24-16,03-18-21,
197,41,Lenovo HDMI,,computer accessories,41,Texas,,15,Need New Stock,02-21-17,07-03-20,
198,93,Seagate Harddisk,,computer accessories,24,Missouri,,95,In Stock,08-28-17,07-24-20,
199,43,dell laptop,,electronics,60,Florida,,400,Need New Stock,06-06-17,07-18-20,
200,64,Intel cpu,,electronics,57,California,,100,In Stock,10-08-16,12-02-21,
201,60,Dell Wifi router,,computer accessories,78,California,,50,Sold out,07-14-17,04-23-21,
202,50,JBL Speakers,,computer accessories,71,North Carolina,,80,Need New Stock,12-08-16,01-08-21,
203,96,Lenovo Screen,,electronics,11,New York,,35,In Stock,03-18-17,02-15-21,
204,104,Mount Blanc Pen,,stationary,99,California,,25,Need New Stock,05-23-17,04-06-20,
205,80,Staples Paper,,stationary,10,Utah,,65,Need New Stock,02-22-17,09-14-21,
206,75,Dell Mouse,,computer accessories,61,Pennsylvania,,20,Need New Stock,01-31-17,04-15-21,
207,2,Samsung monitor,,electronics,33,California,,130,In Stock,07-14-17,12-06-20,
208,53,Lenovo HDMI,,computer accessories,91,South Dakota,,15,In Stock,07-21-17,05-14-21,
209,109,Seagate Harddisk,,computer accessories,39,Indiana,,95,Sold out,12-07-16,11-06-21,
210,59,dell laptop,,electronics,61,Texas,,400,In Stock,03-21-17,04-14-21,
211,69,Intel cpu,,electronics,80,Arkansas,,100,Sold out,07-07-17,06-09-21,
212,63,Dell Wifi router,,computer accessories,56,West Virginia,,50,In Stock,10-17-16,04-29-21,
213,58,JBL Speakers,,computer accessories,71,Arkansas,,80,In Stock,03-20-17,01-15-21,
214,98,Lenovo Screen,,electronics,77,Texas,,35,In Stock,10-23-17,06-27-20,
215,113,Mount Blanc Pen,,stationary,84,Florida,,25,In Stock,08-12-17,04-30-20,
216,94,Staples Paper,,stationary,58,Arizona,,65,In Stock,09-20-17,01-04-21,
217,97,Dell Mouse,,computer accessories,91,Texas,,20,Need New Stock,10-15-16,06-30-21,
218,4,Samsung monitor,,electronics,24,New York,,130,In Stock,08-03-17,06-29-21,
219,57,Lenovo HDMI,,computer accessories,25,Missouri,,15,Need New Stock,05-06-17,06-04-20,
220,116,Seagate Harddisk,,computer accessories,36,Nebraska,,95,In Stock,12-09-16,11-04-20,
221,81,dell laptop,,electronics,97,Florida,,400,In Stock,08-05-17,12-09-21,
222,86,Intel cpu,,electronics,84,Rhode Island,,100,Need New Stock,03-28-17,05-28-20,
223,70,Dell Wifi router,,computer accessories,98,Massachusetts,,50,Need New Stock,01-10-17,07-18-20,
224,66,JBL Speakers,,computer accessories,39,Nevada,,80,Need New Stock,06-17-17,04-17-21,
225,102,Lenovo Screen,,electronics,24,Tennessee,,35,Need New Stock,03-12-17,11-17-21,
226,16,Mount Blanc Pen,,stationary,64,Texas,,25,Sold out,07-20-17,04-22-20,
227,100,Staples Paper,,stationary,93,District of Columbia,,65,Need New Stock,08-06-17,09-22-20,
228,112,Dell Mouse,,computer accessories,94,California,,20,Sold out,09-03-17,12-05-21,
229,44,Samsung monitor,,electronics,54,California,,130,Need New Stock,01-31-17,05-08-20,
230,106,Lenovo HDMI,,computer accessories,11,Oklahoma,,15,In Stock,01-01-17,11-10-21,
231,13,Seagate Harddisk,,computer accessories,33,California,,95,In Stock,08-30-17,01-30-21,
232,88,dell laptop,,electronics,59,Mississippi,,400,Need New Stock,12-28-16,05-04-21,
233,95,Intel cpu,,electronics,49,California,,100,In Stock,08-07-17,11-04-21,
234,71,Dell Wifi router,,computer accessories,36,Oklahoma,,50,Sold out,01-19-17,05-21-21,
235,76,JBL Speakers,,computer accessories,15,Oklahoma,,80,Sold out,08-01-16,10-21-20,
236,115,Lenovo Screen,,electronics,78,California,,35,Sold out,09-25-16,05-04-20,
237,17,Mount Blanc Pen,,stationary,95,Missouri,,25,Need New Stock,11-14-16,06-01-20,
238,19,Staples Paper,,stationary,84,California,,65,Need New Stock,01-10-17,10-27-21,
239,114,Dell Mouse,,computer accessories,43,Connecticut,,20,Need New Stock,05-26-17,08-20-21,
240,68,Samsung monitor,,electronics,96,Kansas,,130,Need New Stock,11-15-16,05-19-20,
241,110,Lenovo HDMI,,computer accessories,54,Texas,,15,In Stock,03-24-17,10-03-20,
242,20,Seagate Harddisk,,computer accessories,36,Florida,,95,Sold out,10-14-17,02-04-20,
243,91,dell laptop,,electronics,50,District of Columbia,,400,Need New Stock,09-29-17,01-26-21,
244,103,Intel cpu,,electronics,69,Illinois,,100,In Stock,03-14-17,09-20-20,
245,72,Dell Wifi router,,computer accessories,61,Florida,,50,In Stock,01-22-17,06-21-20,
246,79,JBL Speakers,,computer accessories,30,North Carolina,,80,Need New Stock,09-11-17,10-10-20,
247,1,Lenovo Screen,,electronics,81,California,,35,Need New Stock,08-26-16,12-24-20,
248,18,Mount Blanc Pen,,stationary,24,Utah,,25,In Stock,02-21-17,02-11-20,
249,54,Staples Paper,,stationary,80,California,,65,In Stock,10-17-16,05-30-20,
250,10,Dell Mouse,,computer accessories,27,Indiana,,20,Sold out,07-22-17,10-20-21,
251,74,Samsung monitor,,electronics,27,Florida,,130,Need New Stock,01-04-17,07-25-21,
252,3,Lenovo HDMI,,computer accessories,64,New Mexico,,15,Sold out,10-20-17,10-20-21,
253,27,Seagate Harddisk,,computer accessories,8,Texas,,95,Sold out,05-10-17,10-17-21,
254,101,dell laptop,,electronics,62,Florida,,400,Need New Stock,12-24-16,02-06-20,
255,107,Intel cpu,,electronics,32,Florida,,100,In Stock,05-25-17,05-13-21,
256,83,Dell Wifi router,,computer accessories,57,New Hampshire,,50,In Stock,09-01-16,03-15-20,
257,89,JBL Speakers,,computer accessories,27,Florida,,80,Need New Stock,09-24-16,05-04-21,
258,14,Lenovo Screen,,electronics,63,South Carolina,,35,Sold out,12-15-16,04-12-21,
259,26,Mount Blanc Pen,,stationary,23,North Carolina,,25,Sold out,12-13-16,01-10-21,
260,73,Staples Paper,,stationary,34,Texas,,65,In Stock,01-15-17,09-21-20,
261,24,Dell Mouse,,computer accessories,96,Arkansas,,20,In Stock,05-26-17,03-22-21,
262,99,Samsung monitor,,electronics,42,Texas,,130,In Stock,05-21-17,10-03-21,
263,7,Lenovo HDMI,,computer accessories,63,Ohio,,15,Sold out,03-25-17,07-17-20,
264,45,Seagate Harddisk,,computer accessories,68,Arizona,,95,In Stock,04-18-17,07-29-20,
265,108,dell laptop,,electronics,49,Texas,,400,Sold out,10-06-16,12-20-20,
266,8,Intel cpu,,electronics,50,Alabama,,100,Sold out,05-30-17,08-29-20,
267,85,Dell Wifi router,,computer accessories,56,Ohio,,50,Sold out,02-24-17,01-05-21,
268,105,JBL Speakers,,computer accessories,25,New York,,80,Sold out,09-07-17,01-17-21,
269,39,Lenovo Screen,,electronics,49,Tennessee,,35,In Stock,01-26-17,02-17-20,
270,29,Mount Blanc Pen,,stationary,74,Virginia,,25,In Stock,11-25-16,04-14-20,
271,78,Staples Paper,,stationary,67,Texas,,65,In Stock,12-03-16,12-21-20,
272,37,Dell Mouse,,computer accessories,80,Florida,,20,Sold out,10-24-17,06-27-21,
273,2,Samsung monitor,,electronics,36,Alaska,,130,In Stock,08-17-17,10-11-21,
274,9,Lenovo HDMI,,computer accessories,10,Washington,,15,Need New Stock,10-24-16,07-27-20,
275,82,Seagate Harddisk,,computer accessories,78,New Jersey,,95,In Stock,11-20-16,07-26-20,
276,117,dell laptop,,electronics,96,California,,400,Need New Stock,02-16-17,06-28-21,
277,15,Intel cpu,,electronics,35,Florida,,100,Need New Stock,12-22-16,08-12-20,
278,90,Dell Wifi router,,computer accessories,46,Washington,,50,Sold out,01-23-17,10-21-21,
279,111,JBL Speakers,,computer accessories,67,California,,80,In Stock,06-26-17,08-20-20,
280,47,Lenovo Screen,,electronics,24,New Jersey,,35,In Stock,10-22-16,07-21-20,
281,35,Mount Blanc Pen,,stationary,84,Maryland,,25,Sold out,10-21-17,01-27-21,
282,80,Staples Paper,,stationary,62,Arkansas,,65,In Stock,09-18-16,03-30-20,
283,42,Dell Mouse,,computer accessories,87,Alabama,,20,Sold out,08-09-17,09-05-21,
284,4,Samsung monitor,,electronics,25,Iowa,,130,Sold out,10-24-16,10-04-20,
285,28,Lenovo HDMI,,computer accessories,35,Arizona,,15,Sold out,06-30-17,12-13-20,
286,87,Seagate Harddisk,,computer accessories,46,Texas,,95,In Stock,01-13-17,05-21-20,
287,6,dell laptop,,electronics,16,California,,400,Sold out,11-28-16,11-18-20,
288,21,Intel cpu,,electronics,63,District of Columbia,,100,In Stock,08-07-17,10-03-21,
289,12,Dell Wifi router,,computer accessories,87,New Jersey,,50,Sold out,08-14-16,10-06-20,
290,5,JBL Speakers,,computer accessories,95,Georgia,,80,Sold out,05-17-17,02-08-20,
291,48,Lenovo Screen,,electronics,86,North Carolina,,35,Need New Stock,03-02-17,01-19-21,
292,61,Mount Blanc Pen,,stationary,54,Mississippi,,25,In Stock,10-30-17,04-05-21,
293,94,Staples Paper,,stationary,54,Florida,,65,Need New Stock,05-03-17,12-26-20,
294,51,Dell Mouse,,computer accessories,27,Maryland,,20,In Stock,09-28-17,10-19-21,
295,44,Samsung monitor,,electronics,7,California,,130,Need New Stock,04-26-17,05-16-20,
296,32,Lenovo HDMI,,computer accessories,13,New York,,15,Sold out,09-27-17,10-16-20,
297,92,Seagate Harddisk,,computer accessories,43,Texas,,95,Need New Stock,09-24-16,12-20-20,
298,23,dell laptop,,electronics,50,Connecticut,,400,Need New Stock,08-08-17,06-23-21,
299,40,Intel cpu,,electronics,5,Missouri,,100,Need New Stock,04-10-17,10-30-21,
300,22,Dell Wifi router,,computer accessories,50,Oklahoma,,50,Need New Stock,08-30-16,03-13-21,
301,11,JBL Speakers,,computer accessories,39,Arkansas,,80,Sold out,11-25-16,08-17-21,
302,77,Lenovo Screen,,electronics,50,New York,,35,Need New Stock,10-03-16,03-01-20,
303,65,Mount Blanc Pen,,stationary,8,Nevada,,25,In Stock,10-12-17,07-17-20,
304,100,Staples Paper,,stationary,83,Florida,,65,In Stock,05-14-17,02-19-20,
305,52,Dell Mouse,,computer accessories,41,California,,20,Sold out,11-15-16,11-11-20,
306,68,Samsung monitor,,electronics,45,California,,130,Sold out,12-08-16,09-23-20,
307,36,Lenovo HDMI,,computer accessories,66,California,,15,Sold out,02-20-17,04-04-21,
308,93,Seagate Harddisk,,computer accessories,10,California,,95,In Stock,09-28-17,08-24-20,
309,31,dell laptop,,electronics,23,Michigan,,400,Sold out,11-27-16,04-15-20,
310,56,Intel cpu,,electronics,24,Texas,,100,In Stock,05-31-17,04-23-21,
311,25,Dell Wifi router,,computer accessories,71,Louisiana,,50,In Stock,10-06-17,05-17-21,
312,30,JBL Speakers,,computer accessories,20,Washington,,80,Sold out,12-16-16,10-10-21,
313,84,Lenovo Screen,,electronics,31,Michigan,,35,Need New Stock,01-04-17,09-19-21,
314,104,Mount Blanc Pen,,stationary,5,California,,25,Need New Stock,03-01-17,02-22-21,
315,19,Staples Paper,,stationary,42,Maryland,,65,Need New Stock,09-10-16,03-15-21,
316,67,Dell Mouse,,computer accessories,28,Michigan,,20,In Stock,12-28-16,11-10-21,
317,74,Samsung monitor,,electronics,13,Arizona,,130,In Stock,12-20-16,11-16-20,
318,41,Lenovo HDMI,,computer accessories,60,Kentucky,,15,Need New Stock,09-07-17,12-09-20,
319,109,Seagate Harddisk,,computer accessories,50,New York,,95,In Stock,11-02-16,07-30-20,
320,34,dell laptop,,electronics,88,Georgia,,400,In Stock,10-06-17,05-11-20,
321,62,Intel cpu,,electronics,90,Michigan,,100,Need New Stock,09-03-16,03-06-21,
322,49,Dell Wifi router,,computer accessories,74,California,,50,Need New Stock,04-18-17,08-05-21,
323,33,JBL Speakers,,computer accessories,64,New York,,80,Need New Stock,09-07-16,08-10-21,
324,96,Lenovo Screen,,electronics,10,Alabama,,35,In Stock,07-25-17,03-09-21,
325,113,Mount Blanc Pen,,stationary,7,California,,25,Need New Stock,08-15-16,02-12-20,
326,54,Staples Paper,,stationary,23,Wisconsin,,65,Need New Stock,06-11-17,02-20-21,
327,75,Dell Mouse,,computer accessories,93,North Carolina,,20,Sold out,05-29-17,03-16-20,
328,99,Samsung monitor,,electronics,6,New York,,130,In Stock,02-10-17,06-25-21,
329,53,Lenovo HDMI,,computer accessories,50,Texas,,15,In Stock,07-22-17,01-25-21,
330,116,Seagate Harddisk,,computer accessories,78,Colorado,,95,Need New Stock,10-15-17,07-20-21,
331,38,dell laptop,,electronics,59,Delaware,,400,Sold out,09-11-16,09-01-20,
332,64,Intel cpu,,electronics,67,Indiana,,100,Sold out,06-03-17,07-02-20,
333,55,Dell Wifi router,,computer accessories,15,Pennsylvania,,50,Sold out,02-18-17,01-01-21,
334,46,JBL Speakers,,computer accessories,24,Arkansas,,80,Sold out,10-06-17,08-11-21,
335,98,Lenovo Screen,,electronics,11,Florida,,35,In Stock,01-08-17,11-26-20,
336,16,Mount Blanc Pen,,stationary,22,Texas,,25,Sold out,11-22-16,01-01-21,
337,73,Staples Paper,,stationary,5,Indiana,,65,In Stock,10-20-16,06-04-21,
338,97,Dell Mouse,,computer accessories,46,Pennsylvania,,20,In Stock,09-25-16,11-20-21,
339,2,Samsung monitor,,electronics,38,New York,,130,Sold out,05-08-17,10-17-21,
340,57,Lenovo HDMI,,computer accessories,21,New York,,15,In Stock,06-09-17,07-02-21,
341,13,Seagate Harddisk,,computer accessories,69,California,,95,In Stock,10-29-17,04-04-20,
342,43,dell laptop,,electronics,98,California,,400,In Stock,09-22-17,07-20-21,
343,69,Intel cpu,,electronics,86,Texas,,100,In Stock,11-17-16,05-13-21,
344,60,Dell Wifi router,,computer accessories,99,Texas,,50,Need New Stock,10-09-16,07-23-21,
345,50,JBL Speakers,,computer accessories,78,Louisiana,,80,Need New Stock,01-27-17,12-14-21,
346,102,Lenovo Screen,,electronics,76,Texas,,35,In Stock,08-01-16,05-08-21,
347,17,Mount Blanc Pen,,stationary,58,California,,25,Need New Stock,01-26-17,04-30-21,
348,78,Staples Paper,,stationary,78,Maryland,,65,Sold out,12-12-16,08-11-20,
349,112,Dell Mouse,,computer accessories,87,Minnesota,,20,Sold out,12-05-16,08-09-21,
350,4,Samsung monitor,,electronics,75,District of Columbia,,130,Sold out,04-19-17,02-12-21,
351,106,Lenovo HDMI,,computer accessories,27,California,,15,Sold out,09-29-17,10-20-20,
352,20,Seagate Harddisk,,computer accessories,29,Texas,,95,Sold out,03-24-17,05-10-21,
353,59,dell laptop,,electronics,69,New Jersey,,400,Need New Stock,11-23-16,03-16-20,
354,86,Intel cpu,,electronics,84,Ohio,,100,Sold out,08-27-16,04-08-20,
355,63,Dell Wifi router,,computer accessories,55,North Carolina,,50,In Stock,08-16-17,08-23-21,
356,58,JBL Speakers,,computer accessories,77,Oregon,,80,Need New Stock,01-15-17,03-14-21,
357,115,Lenovo Screen,,electronics,24,Maryland,,35,Sold out,01-18-17,02-26-21,
358,18,Mount Blanc Pen,,stationary,13,Colorado,,25,In Stock,03-13-17,12-18-21,
359,80,Staples Paper,,stationary,40,California,,65,Sold out,10-03-17,08-01-21,
360,114,Dell Mouse,,computer accessories,30,Georgia,,20,In Stock,04-29-17,09-16-20,
361,44,Samsung monitor,,electronics,17,District of Columbia,,130,In Stock,09-12-17,05-10-20,
362,110,Lenovo HDMI,,computer accessories,27,Kentucky,,15,Sold out,05-03-17,10-30-21,
363,27,Seagate Harddisk,,computer accessories,97,Florida,,95,Sold out,12-31-16,11-04-20,
364,81,dell laptop,,electronics,65,Kansas,,400,In Stock,10-20-17,11-20-21,
365,95,Intel cpu,,electronics,26,Kentucky,,100,Need New Stock,08-20-17,06-19-20,
366,70,Dell Wifi router,,computer accessories,96,Florida,,50,Sold out,09-20-17,12-26-20,
367,66,JBL Speakers,,computer accessories,19,California,,80,Need New Stock,09-16-17,12-15-20,
368,1,Lenovo Screen,,electronics,88,Illinois,,35,In Stock,06-19-17,08-31-20,
369,26,Mount Blanc Pen,,stationary,27,Oregon,,25,In Stock,09-14-17,07-25-21,
370,94,Staples Paper,,stationary,9,New York,,65,Sold out,08-19-16,10-03-20,
371,10,Dell Mouse,,computer accessories,53,Texas,,20,Sold out,12-01-16,09-18-20,
372,68,Samsung monitor,,electronics,39,Wisconsin,,130,Sold out,01-12-17,11-20-21,
373,3,Lenovo HDMI,,computer accessories,28,Indiana,,15,Sold out,09-09-16,11-12-20,
374,45,Seagate Harddisk,,computer accessories,78,Pennsylvania,,95,Sold out,02-25-17,11-27-20,
375,88,dell laptop,,electronics,24,Texas,,400,Sold out,03-26-17,03-10-21,
376,103,Intel cpu,,electronics,85,New York,,100,Sold out,09-28-17,07-23-21,
377,71,Dell Wifi router,,computer accessories,59,New York,,50,In Stock,08-29-17,05-02-21,
378,76,JBL Speakers,,computer accessories,43,Florida,,80,In Stock,11-24-16,06-16-20,
379,14,Lenovo Screen,,electronics,38,California,,35,In Stock,10-28-17,02-04-20,
380,29,Mount Blanc Pen,,stationary,39,Illinois,,25,In Stock,03-14-17,06-06-21,
381,100,Staples Paper,,stationary,95,California,,65,In Stock,11-24-16,11-25-20,
382,24,Dell Mouse,,computer accessories,14,Connecticut,,20,Need New Stock,08-14-16,06-27-21,
383,74,Samsung monitor,,electronics,66,Texas,,130,In Stock,08-20-16,02-05-20,
384,7,Lenovo HDMI,,computer accessories,65,Maryland,,15,Sold out,09-18-16,10-26-21,
385,82,Seagate Harddisk,,computer accessories,99,Iowa,,95,Sold out,07-21-17,01-13-21,
386,91,dell laptop,,electronics,88,Nebraska,,400,Sold out,01-12-17,10-27-20,
387,107,Intel cpu,,electronics,98,District of Columbia,,100,In Stock,08-17-16,07-17-21,
388,72,Dell Wifi router,,computer accessories,5,California,,50,Sold out,04-29-17,12-29-20,
389,79,JBL Speakers,,computer accessories,15,Washington,,80,Sold out,02-28-17,10-08-21,
390,39,Lenovo Screen,,electronics,85,Florida,,35,Need New Stock,06-12-17,04-18-20,
391,35,Mount Blanc Pen,,stationary,54,Maryland,,25,Sold out,03-12-17,11-26-20,
392,19,Staples Paper,,stationary,32,Tennessee,,65,In Stock,12-29-16,08-15-20,
393,37,Dell Mouse,,computer accessories,54,Texas,,20,Sold out,08-15-16,01-01-21,
394,99,Samsung monitor,,electronics,79,South Carolina,,130,Sold out,10-07-17,02-09-20,
395,9,Lenovo HDMI,,computer accessories,99,Illinois,,15,Need New Stock,07-07-17,09-16-20,
396,87,Seagate Harddisk,,computer accessories,53,Pennsylvania,,95,In Stock,05-01-17,03-28-21,
397,101,dell laptop,,electronics,100,Virginia,,400,In Stock,10-15-17,10-03-21,
398,8,Intel cpu,,electronics,32,Arizona,,100,Need New Stock,10-25-17,01-20-21,
399,83,Dell Wifi router,,computer accessories,26,Alabama,,50,In Stock,10-13-16,11-13-20,
400,89,JBL Speakers,,computer accessories,17,Arizona,,80,In Stock,03-18-17,06-03-21,
401,47,Lenovo Screen,,electronics,84,Virginia,,35,Need New Stock,09-07-17,09-13-21,
402,61,Mount Blanc Pen,,stationary,39,Pennsylvania,,25,Need New Stock,01-29-17,08-02-20,
403,54,Staples Paper,,stationary,78,Texas,,65,Need New Stock,08-24-16,02-24-20,
404,42,Dell Mouse,,computer accessories,74,California,,20,In Stock,01-26-17,04-04-21,
405,2,Samsung monitor,,electronics,50,New York,,130,Need New Stock,10-19-16,05-15-21,
406,28,Lenovo HDMI,,computer accessories,53,North Carolina,,15,Sold out,08-15-17,09-13-21,
407,92,Seagate Harddisk,,computer accessories,86,Missouri,,95,In Stock,11-19-16,10-02-21,
408,108,dell laptop,,electronics,93,Tennessee,,400,In Stock,05-13-17,09-21-20,
409,15,Intel cpu,,electronics,6,District of Columbia,,100,Need New Stock,05-19-17,08-31-21,
410,85,Dell Wifi router,,computer accessories,47,Ohio,,50,Need New Stock,08-05-16,08-20-20,
411,105,JBL Speakers,,computer accessories,78,Texas,,80,In Stock,08-04-17,10-29-21,
412,48,Lenovo Screen,,electronics,11,California,,35,Sold out,10-19-16,10-15-21,
413,65,Mount Blanc Pen,,stationary,9,Alabama,,25,Sold out,09-14-16,07-06-20,
414,73,Staples Paper,,stationary,9,Georgia,,65,Sold out,05-15-17,08-05-20,
415,51,Dell Mouse,,computer accessories,62,Pennsylvania,,20,Need New Stock,10-08-17,06-15-21,
416,4,Samsung monitor,,electronics,38,South Carolina,,130,Sold out,12-24-16,05-09-21,
417,32,Lenovo HDMI,,computer accessories,64,Oklahoma,,15,Sold out,05-25-17,08-31-21,
418,93,Seagate Harddisk,,computer accessories,25,Tennessee,,95,Need New Stock,11-07-16,08-04-21,
419,117,dell laptop,,electronics,50,Washington,,400,Sold out,02-07-17,11-24-21,
420,21,Intel cpu,,electronics,80,Kansas,,100,In Stock,07-17-17,03-29-21,
421,90,Dell Wifi router,,computer accessories,76,Virginia,,50,Need New Stock,09-01-16,04-21-20,
422,111,JBL Speakers,,computer accessories,31,Virginia,,80,In Stock,10-30-17,12-22-20,
423,77,Lenovo Screen,,electronics,41,Pennsylvania,,35,Need New Stock,08-21-16,05-11-21,
424,104,Mount Blanc Pen,,stationary,86,Hawaii,,25,Need New Stock,10-13-17,01-28-21,
425,78,Staples Paper,,stationary,12,Connecticut,,65,In Stock,08-16-16,03-15-21,
426,52,Dell Mouse,,computer accessories,28,Indiana,,20,In Stock,11-26-16,04-18-20,
427,44,Samsung monitor,,electronics,92,District of Columbia,,130,Need New Stock,07-21-17,11-06-20,
428,36,Lenovo HDMI,,computer accessories,85,Illinois,,15,Need New Stock,08-06-17,10-17-21,
429,109,Seagate Harddisk,,computer accessories,85,Montana,,95,Need New Stock,08-15-17,09-16-21,
430,6,dell laptop,,electronics,32,Missouri,,400,Need New Stock,10-25-16,01-13-21,
431,40,Intel cpu,,electronics,83,Pennsylvania,,100,In Stock,09-13-16,09-08-20,
432,12,Dell Wifi router,,computer accessories,70,Florida,,50,Need New Stock,04-02-17,09-19-21,
433,5,JBL Speakers,,computer accessories,84,Florida,,80,Sold out,09-11-16,07-14-21,
434,84,Lenovo Screen,,electronics,19,Tennessee,,35,Need New Stock,08-30-16,10-11-21,
435,113,Mount Blanc Pen,,stationary,50,Pennsylvania,,25,Sold out,12-01-16,08-08-20,
436,80,Staples Paper,,stationary,31,Connecticut,,65,In Stock,06-07-17,02-24-21,
437,67,Dell Mouse,,computer accessories,67,Texas,,20,In Stock,02-25-17,08-14-20,
438,68,Samsung monitor,,electronics,94,Colorado,,130,Need New Stock,09-19-17,09-27-20,
439,41,Lenovo HDMI,,computer accessories,23,Virginia,,15,Sold out,11-09-16,12-20-21,
440,116,Seagate Harddisk,,computer accessories,60,Texas,,95,Sold out,07-01-17,07-09-20,
441,23,dell laptop,,electronics,62,Louisiana,,400,Need New Stock,08-15-17,06-22-20,
442,56,Intel cpu,,electronics,42,Arizona,,100,Need New Stock,10-22-17,11-21-21,
443,22,Dell Wifi router,,computer accessories,96,Minnesota,,50,Need New Stock,10-16-16,07-02-20,
444,11,JBL Speakers,,computer accessories,15,California,,80,In Stock,10-29-16,07-22-21,
445,96,Lenovo Screen,,electronics,5,Louisiana,,35,Sold out,02-19-17,12-18-20,
446,16,Mount Blanc Pen,,stationary,27,Georgia,,25,Sold out,10-13-17,08-07-21,
447,94,Staples Paper,,stationary,49,Arkansas,,65,Sold out,09-26-16,02-20-20,
448,75,Dell Mouse,,computer accessories,58,Kansas,,20,Need New Stock,01-12-17,02-27-21,
449,74,Samsung monitor,,electronics,94,Virginia,,130,Need New Stock,11-24-16,06-29-21,
450,53,Lenovo HDMI,,computer accessories,97,Maryland,,15,Sold out,09-22-16,08-10-21,
451,13,Seagate Harddisk,,computer accessories,60,Ohio,,95,Need New Stock,09-14-17,02-06-21,
452,31,dell laptop,,electronics,64,Alabama,,400,Need New Stock,07-15-17,02-04-20,
453,62,Intel cpu,,electronics,57,Colorado,,100,Need New Stock,02-27-17,07-31-20,
454,25,Dell Wifi router,,computer accessories,66,Ohio,,50,In Stock,12-22-16,08-25-20,
455,30,JBL Speakers,,computer accessories,81,North Carolina,,80,Need New Stock,06-28-17,12-18-21,
456,98,Lenovo Screen,,electronics,77,Florida,,35,Sold out,08-10-16,05-16-20,
457,17,Mount Blanc Pen,,stationary,50,Oklahoma,,25,Sold out,05-28-17,08-26-20,
458,100,Staples Paper,,stationary,63,California,,65,Sold out,03-29-17,06-13-20,
459,97,Dell Mouse,,computer accessories,87,Kentucky,,20,Need New Stock,10-14-16,08-06-20,
460,99,Samsung monitor,,electronics,15,District of Columbia,,130,In Stock,06-06-17,01-20-21,
461,57,Lenovo HDMI,,computer accessories,13,California,,15,Need New Stock,12-28-16,03-10-21,
462,20,Seagate Harddisk,,computer accessories,18,Colorado,,95,In Stock,05-28-17,02-18-20,
463,34,dell laptop,,electronics,30,Kentucky,,400,In Stock,11-23-16,11-24-20,
464,64,Intel cpu,,electronics,17,Florida,,100,In Stock,09-22-17,11-14-21,
465,49,Dell Wifi router,,computer accessories,87,Louisiana,,50,In Stock,07-26-17,07-31-20,
466,33,JBL Speakers,,computer accessories,95,Massachusetts,,80,Sold out,07-13-17,02-11-20,
467,102,Lenovo Screen,,electronics,96,Michigan,,35,Sold out,05-15-17,02-08-20,
468,18,Mount Blanc Pen,,stationary,45,California,,25,In Stock,05-21-17,05-22-20,
469,19,Staples Paper,,stationary,34,Pennsylvania,,65,Need New Stock,09-17-17,03-09-20,
470,112,Dell Mouse,,computer accessories,8,Indiana,,20,In Stock,07-22-17,05-31-20,
471,2,Samsung monitor,,electronics,15,North Carolina,,130,In Stock,12-18-16,06-04-21,
472,106,Lenovo HDMI,,computer accessories,80,Texas,,15,Sold out,11-20-16,02-09-21,
473,27,Seagate Harddisk,,computer accessories,77,Texas,,95,Need New Stock,11-02-16,10-18-20,
474,38,dell laptop,,electronics,76,Missouri,,400,Need New Stock,09-21-17,10-19-20,
475,69,Intel cpu,,electronics,36,Oklahoma,,100,Need New Stock,04-12-17,12-11-20,
476,55,Dell Wifi router,,computer accessories,99,Massachusetts,,50,In Stock,10-05-17,12-27-21,
477,46,JBL Speakers,,computer accessories,96,New Jersey,,80,Sold out,04-12-17,06-22-20,
478,115,Lenovo Screen,,electronics,81,Massachusetts,,35,Need New Stock,08-19-16,04-07-21,
479,26,Mount Blanc Pen,,stationary,62,Washington,,25,In Stock,10-23-17,11-29-21,
480,54,Staples Paper,,stationary,6,Pennsylvania,,65,Need New Stock,07-16-17,05-07-21,
481,114,Dell Mouse,,computer accessories,88,Washington,,20,In Stock,11-02-16,06-07-20,
482,4,Samsung monitor,,electronics,96,Texas,,130,Sold out,01-21-17,09-02-20,
483,110,Lenovo HDMI,,computer accessories,6,Florida,,15,In Stock,11-08-16,12-15-20,
484,45,Seagate Harddisk,,computer accessories,43,New York,,95,Need New Stock,01-30-17,12-03-20,
485,43,dell laptop,,electronics,64,Illinois,,400,Sold out,01-16-17,07-29-20,
486,86,Intel cpu,,electronics,47,Texas,,100,Need New Stock,03-16-17,09-04-21,
487,60,Dell Wifi router,,computer accessories,64,Missouri,,50,In Stock,03-25-17,12-28-20,
488,50,JBL Speakers,,computer accessories,38,Colorado,,80,In Stock,10-11-16,09-30-20,
489,1,Lenovo Screen,,electronics,59,Florida,,35,Need New Stock,10-07-17,10-09-21,
490,29,Mount Blanc Pen,,stationary,92,Georgia,,25,Need New Stock,05-26-17,03-16-21,
491,73,Staples Paper,,stationary,45,Pennsylvania,,65,In Stock,09-27-17,02-17-20,
492,10,Dell Mouse,,computer accessories,94,Tennessee,,20,Sold out,09-26-17,09-15-20,
493,44,Samsung monitor,,electronics,36,District of Columbia,,130,Sold out,03-16-17,12-29-20,
494,3,Lenovo HDMI,,computer accessories,43,Hawaii,,15,In Stock,04-28-17,07-07-20,
495,82,Seagate Harddisk,,computer accessories,70,Connecticut,,95,Sold out,01-19-17,05-03-21,
496,59,dell laptop,,electronics,81,Massachusetts,,400,Need New Stock,06-15-17,05-26-20,
497,95,Intel cpu,,electronics,41,Illinois,,100,Sold out,06-10-17,05-17-21,
498,63,Dell Wifi router,,computer accessories,78,New York,,50,In Stock,08-03-17,12-11-20,
499,58,JBL Speakers,,computer accessories,83,California,,80,Sold out,09-09-17,07-03-21,
500,14,Lenovo Screen,,electronics,75,Missouri,,35,Sold out,04-04-17,02-04-21,
501,35,Mount Blanc Pen,,stationary,56,Ohio,,25,Need New Stock,10-24-16,05-05-20,
502,78,Staples Paper,,stationary,14,Washington,,65,Need New Stock,11-02-16,11-15-21,
503,24,Dell Mouse,,computer accessories,17,Nebraska,,20,Need New Stock,04-12-17,08-19-21,
504,68,Samsung monitor,,electronics,15,Colorado,,130,Sold out,01-06-17,09-26-21,
505,7,Lenovo HDMI,,computer accessories,16,California,,15,Sold out,09-06-16,09-27-21,
506,87,Seagate Harddisk,,computer accessories,65,Texas,,95,Sold out,04-11-17,01-08-21,
507,81,dell laptop,,electronics,75,Nebraska,,400,Sold out,08-28-17,12-04-21,
508,103,Intel cpu,,electronics,47,Florida,,100,In Stock,01-08-17,06-26-21,
509,70,Dell Wifi router,,computer accessories,11,Colorado,,50,In Stock,08-30-16,05-21-21,
510,66,JBL Speakers,,computer accessories,43,Tennessee,,80,Need New Stock,10-11-16,10-06-20,
511,39,Lenovo Screen,,electronics,15,Georgia,,35,Need New Stock,08-05-16,10-01-21,
512,61,Mount Blanc Pen,,stationary,58,California,,25,Need New Stock,08-08-17,12-15-21,
513,80,Staples Paper,,stationary,56,Florida,,65,Sold out,07-28-17,10-04-21,
514,37,Dell Mouse,,computer accessories,76,Missouri,,20,In Stock,01-09-17,07-22-21,
515,74,Samsung monitor,,electronics,88,Illinois,,130,Sold out,07-11-17,04-09-21,
516,9,Lenovo HDMI,,computer accessories,91,Washington,,15,Sold out,07-07-17,02-22-21,
517,92,Seagate Harddisk,,computer accessories,67,Pennsylvania,,95,In Stock,04-16-17,06-05-21,
518,88,dell laptop,,electronics,27,Virginia,,400,Need New Stock,05-08-17,12-15-20,
519,107,Intel cpu,,electronics,17,Indiana,,100,Sold out,10-10-16,02-13-21,
520,71,Dell Wifi router,,computer accessories,63,Alabama,,50,Need New Stock,12-20-16,11-14-21,
521,76,JBL Speakers,,computer accessories,51,Florida,,80,Need New Stock,09-10-17,06-26-20,
522,47,Lenovo Screen,,electronics,36,District of Columbia,,35,Sold out,11-29-16,08-30-20,
523,65,Mount Blanc Pen,,stationary,99,District of Columbia,,25,Sold out,03-11-17,02-28-20,
524,94,Staples Paper,,stationary,74,Nevada,,65,Sold out,01-23-17,05-28-20,
525,42,Dell Mouse,,computer accessories,69,Texas,,20,In Stock,09-11-16,01-07-21,
526,99,Samsung monitor,,electronics,27,Missouri,,130,Sold out,01-03-17,04-27-20,
527,28,Lenovo HDMI,,computer accessories,14,Texas,,15,Sold out,09-25-16,08-05-20,
528,93,Seagate Harddisk,,computer accessories,54,Maryland,,95,Need New Stock,08-09-17,05-28-20,
529,91,dell laptop,,electronics,48,Washington,,400,Sold out,11-01-16,08-01-21,
530,8,Intel cpu,,electronics,95,New York,,100,Need New Stock,07-12-17,07-15-21,
531,72,Dell Wifi router,,computer accessories,27,Texas,,50,Sold out,06-27-17,12-04-20,
532,79,JBL Speakers,,computer accessories,59,New Jersey,,80,Sold out,08-18-16,06-13-20,
533,48,Lenovo Screen,,electronics,80,Kentucky,,35,Sold out,08-12-17,09-01-20,
534,104,Mount Blanc Pen,,stationary,6,Virginia,,25,In Stock,07-27-17,11-08-20,
535,100,Staples Paper,,stationary,38,District of Columbia,,65,Sold out,07-16-17,08-21-20,
536,51,Dell Mouse,,computer accessories,16,Georgia,,20,Sold out,07-20-17,10-18-20,
537,2,Samsung monitor,,electronics,17,Michigan,,130,Sold out,04-09-17,02-05-21,
538,32,Lenovo HDMI,,computer accessories,84,Washington,,15,Need New Stock,09-06-16,05-16-21,
539,109,Seagate Harddisk,,computer accessories,46,Oklahoma,,95,Sold out,10-27-16,04-02-21,
540,101,dell laptop,,electronics,67,Oklahoma,,400,Sold out,03-04-17,03-31-20,
541,15,Intel cpu,,electronics,38,Indiana,,100,In Stock,12-30-16,09-20-20,
542,83,Dell Wifi router,,computer accessories,55,California,,50,Sold out,11-20-16,09-10-21,
543,89,JBL Speakers,,computer accessories,95,Florida,,80,Need New Stock,05-25-17,06-04-21,
544,77,Lenovo Screen,,electronics,26,New York,,35,In Stock,05-30-17,05-23-20,
545,113,Mount Blanc Pen,,stationary,90,Ohio,,25,In Stock,10-01-17,02-27-21,
546,19,Staples Paper,,stationary,75,New Jersey,,65,In Stock,07-14-17,04-07-21,
547,52,Dell Mouse,,computer accessories,52,Colorado,,20,Sold out,04-17-17,08-17-21,
548,4,Samsung monitor,,electronics,38,Oklahoma,,130,In Stock,12-01-16,09-13-21,
549,36,Lenovo HDMI,,computer accessories,59,Oklahoma,,15,Sold out,08-17-16,08-19-21,
550,116,Seagate Harddisk,,computer accessories,31,Texas,,95,Sold out,03-22-17,07-30-21,
551,108,dell laptop,,electronics,12,Utah,,400,Need New Stock,02-23-17,07-17-21,
552,21,Intel cpu,,electronics,55,District of Columbia,,100,Sold out,08-25-16,08-17-20,
553,85,Dell Wifi router,,computer accessories,21,District of Columbia,,50,In Stock,10-09-16,05-13-21,
554,105,JBL Speakers,,computer accessories,12,North Carolina,,80,Sold out,03-25-17,02-27-20,
555,84,Lenovo Screen,,electronics,91,California,,35,In Stock,06-12-17,11-16-21,
556,16,Mount Blanc Pen,,stationary,49,California,,25,Need New Stock,10-09-16,05-25-21,
557,54,Staples Paper,,stationary,67,California,,65,In Stock,10-18-16,01-12-21,
558,67,Dell Mouse,,computer accessories,25,California,,20,Need New Stock,03-11-17,03-21-21,
559,44,Samsung monitor,,electronics,90,Maryland,,130,Sold out,09-26-16,10-24-21,
560,41,Lenovo HDMI,,computer accessories,21,Wisconsin,,15,In Stock,08-26-16,11-16-21,
561,13,Seagate Harddisk,,computer accessories,29,Utah,,95,Sold out,05-21-17,11-07-21,
562,117,dell laptop,,electronics,49,Texas,,400,In Stock,11-12-16,08-20-21,
563,40,Intel cpu,,electronics,66,Iowa,,100,Sold out,02-26-17,05-13-21,
564,90,Dell Wifi router,,computer accessories,73,New York,,50,Need New Stock,12-21-16,11-11-20,
565,111,JBL Speakers,,computer accessories,11,Pennsylvania,,80,In Stock,04-21-17,08-30-21,
566,96,Lenovo Screen,,electronics,20,Maryland,,35,Need New Stock,06-15-17,05-05-21,
567,17,Mount Blanc Pen,,stationary,85,Virginia,,25,Need New Stock,08-18-17,10-13-21,
568,73,Staples Paper,,stationary,31,Oklahoma,,65,In Stock,10-11-17,11-06-20,
569,75,Dell Mouse,,computer accessories,37,California,,20,Sold out,10-23-17,08-18-20,
570,68,Samsung monitor,,electronics,6,Georgia,,130,Need New Stock,07-19-17,05-14-21,
571,53,Lenovo HDMI,,computer accessories,24,New York,,15,Sold out,10-06-17,10-11-20,
572,20,Seagate Harddisk,,computer accessories,91,Texas,,95,In Stock,05-10-17,09-15-21,
573,6,dell laptop,,electronics,96,Oregon,,400,In Stock,07-02-17,12-04-21,
574,56,Intel cpu,,electronics,36,New York,,100,Need New Stock,10-23-16,04-03-20,
575,12,Dell Wifi router,,computer accessories,81,Tennessee,,50,Need New Stock,11-05-16,10-25-20,
576,5,JBL Speakers,,computer accessories,78,Pennsylvania,,80,In Stock,02-22-17,01-06-21,
577,98,Lenovo Screen,,electronics,6,Indiana,,35,Sold out,08-13-17,03-22-21,
578,18,Mount Blanc Pen,,stationary,80,Georgia,,25,Need New Stock,10-30-16,12-26-20,
579,78,Staples Paper,,stationary,13,District of Columbia,,65,Need New Stock,03-21-17,06-13-21,
580,97,Dell Mouse,,computer accessories,20,Texas,,20,Sold out,04-10-17,04-17-21,
581,74,Samsung monitor,,electronics,46,West Virginia,,130,Sold out,08-07-16,06-20-21,
582,57,Lenovo HDMI,,computer accessories,11,Arizona,,15,Need New Stock,08-14-17,09-06-20,
583,27,Seagate Harddisk,,computer accessories,75,Nevada,,95,Need New Stock,04-14-17,08-15-20,
584,23,dell laptop,,electronics,56,Texas,,400,Sold out,09-28-16,02-09-21,
585,62,Intel cpu,,electronics,97,New York,,100,Sold out,12-31-16,02-11-21,
586,22,Dell Wifi router,,computer accessories,83,Alabama,,50,Sold out,01-04-17,07-25-21,
587,11,JBL Speakers,,computer accessories,11,California,,80,Need New Stock,08-10-17,03-09-20,
588,102,Lenovo Screen,,electronics,61,Missouri,,35,Sold out,06-23-17,08-02-20,
589,26,Mount Blanc Pen,,stationary,83,Texas,,25,Sold out,03-13-17,08-27-20,
590,80,Staples Paper,,stationary,14,Oklahoma,,65,Need New Stock,10-22-16,04-01-21,
591,112,Dell Mouse,,computer accessories,60,Ohio,,20,Need New Stock,03-11-17,12-29-20,
592,99,Samsung monitor,,electronics,30,Indiana,,130,Sold out,10-21-17,04-29-20,
593,106,Lenovo HDMI,,computer accessories,59,West Virginia,,15,Sold out,09-14-16,11-19-20,
594,45,Seagate Harddisk,,computer accessories,95,Colorado,,95,Need New Stock,07-24-17,07-02-21,
595,31,dell laptop,,electronics,53,New York,,400,In Stock,10-14-17,10-02-20,
596,64,Intel cpu,,electronics,80,Maryland,,100,In Stock,01-23-17,08-04-21,
597,25,Dell Wifi router,,computer accessories,46,Massachusetts,,50,In Stock,12-12-16,09-09-20,
598,30,JBL Speakers,,computer accessories,76,California,,80,Sold out,01-23-17,11-26-21,
599,115,Lenovo Screen,,electronics,9,Texas,,35,Need New Stock,12-13-16,01-31-21,
600,29,Mount Blanc Pen,,stationary,65,Texas,,25,Need New Stock,10-27-16,09-11-20,
601,94,Staples Paper,,stationary,19,Florida,,65,Need New Stock,02-25-17,11-03-21,
602,114,Dell Mouse,,computer accessories,46,West Virginia,,20,Sold out,12-31-16,03-02-20,
603,2,Samsung monitor,,electronics,88,Alabama,,130,Sold out,09-13-16,10-28-21,
604,110,Lenovo HDMI,,computer accessories,13,Nevada,,15,Need New Stock,02-25-17,09-25-20,
605,82,Seagate Harddisk,,computer accessories,9,Colorado,,95,Sold out,06-18-17,06-29-20,
606,34,dell laptop,,electronics,22,New York,,400,Sold out,11-23-16,07-13-20,
607,69,Intel cpu,,electronics,9,Missouri,,100,Need New Stock,10-27-17,11-24-21,
608,49,Dell Wifi router,,computer accessories,99,Texas,,50,Need New Stock,09-17-17,03-11-20,
609,33,JBL Speakers,,computer accessories,84,Missouri,,80,In Stock,07-15-17,12-29-21,
610,1,Lenovo Screen,,electronics,14,Georgia,,35,Need New Stock,09-19-16,08-01-21,
611,35,Mount Blanc Pen,,stationary,60,Nebraska,,25,In Stock,10-17-16,08-02-20,
612,100,Staples Paper,,stationary,97,Florida,,65,Sold out,02-09-17,05-25-20,
613,10,Dell Mouse,,computer accessories,44,Washington,,20,In Stock,09-24-17,01-12-21,
614,4,Samsung monitor,,electronics,35,Pennsylvania,,130,Need New Stock,09-04-16,07-17-20,
615,3,Lenovo HDMI,,computer accessories,18,Nevada,,15,Need New Stock,07-15-17,05-10-21,
616,87,Seagate Harddisk,,computer accessories,62,New York,,95,In Stock,12-15-16,06-30-20,
617,38,dell laptop,,electronics,54,Kansas,,400,Sold out,09-20-16,01-16-21,
618,86,Intel cpu,,electronics,44,New York,,100,Sold out,04-06-17,09-17-20,
619,55,Dell Wifi router,,computer accessories,66,Kentucky,,50,In Stock,09-20-17,10-13-20,
620,46,JBL Speakers,,computer accessories,63,Illinois,,80,In Stock,04-30-17,04-20-20,
621,14,Lenovo Screen,,electronics,25,California,,35,Need New Stock,11-30-16,01-24-21,
622,61,Mount Blanc Pen,,stationary,15,Texas,,25,Need New Stock,09-21-16,02-27-21,
623,19,Staples Paper,,stationary,9,Florida,,65,Sold out,08-11-16,06-30-21,
624,24,Dell Mouse,,computer accessories,57,Virginia,,20,Sold out,09-02-17,04-28-21,
625,44,Samsung monitor,,electronics,90,Illinois,,130,In Stock,03-20-17,11-02-20,
626,7,Lenovo HDMI,,computer accessories,7,Maryland,,15,In Stock,01-20-17,08-05-21,
627,92,Seagate Harddisk,,computer accessories,64,Texas,,95,Sold out,10-22-17,08-09-20,
628,43,dell laptop,,electronics,25,Minnesota,,400,In Stock,08-11-17,04-28-21,
629,95,Intel cpu,,electronics,38,Ohio,,100,Sold out,05-29-17,11-29-21,
630,60,Dell Wifi router,,computer accessories,45,Texas,,50,In Stock,09-20-16,09-03-20,
631,50,JBL Speakers,,computer accessories,50,District of Columbia,,80,Need New Stock,11-09-16,11-05-21,
632,39,Lenovo Screen,,electronics,96,Missouri,,35,Need New Stock,09-06-16,08-25-21,
633,65,Mount Blanc Pen,,stationary,69,New York,,25,In Stock,01-17-17,12-13-20,
634,54,Staples Paper,,stationary,83,North Carolina,,65,Need New Stock,12-07-16,05-05-21,
635,37,Dell Mouse,,computer accessories,27,Texas,,20,Sold out,11-26-16,12-07-20,
636,68,Samsung monitor,,electronics,18,Ohio,,130,Sold out,09-14-16,09-23-21,
637,9,Lenovo HDMI,,computer accessories,58,Nebraska,,15,Sold out,09-12-16,07-29-20,
638,93,Seagate Harddisk,,computer accessories,82,Texas,,95,Sold out,05-27-17,03-03-21,
639,59,dell laptop,,electronics,55,Ohio,,400,In Stock,09-18-17,05-12-20,
640,103,Intel cpu,,electronics,41,New York,,100,Sold out,04-03-17,09-27-20,
641,63,Dell Wifi router,,computer accessories,22,Louisiana,,50,Need New Stock,12-04-16,05-12-20,
642,58,JBL Speakers,,computer accessories,96,California,,80,Sold out,08-09-17,06-18-21,
643,47,Lenovo Screen,,electronics,35,Florida,,35,Need New Stock,04-09-17,04-10-21,
644,104,Mount Blanc Pen,,stationary,10,Kansas,,25,In Stock,08-31-16,10-29-21,
645,73,Staples Paper,,stationary,7,South Carolina,,65,Sold out,06-24-17,12-24-20,
646,42,Dell Mouse,,computer accessories,41,Arkansas,,20,In Stock,08-29-16,06-21-20,
647,74,Samsung monitor,,electronics,66,Texas,,130,Sold out,08-25-16,12-25-21,
648,28,Lenovo HDMI,,computer accessories,12,New York,,15,Sold out,10-18-16,09-09-21,
649,109,Seagate Harddisk,,computer accessories,98,Virginia,,95,Sold out,08-24-17,10-17-21,
650,81,dell laptop,,electronics,83,Illinois,,400,Sold out,03-07-17,05-06-20,
651,107,Intel cpu,,electronics,65,Michigan,,100,In Stock,03-13-17,05-10-20,
652,70,Dell Wifi router,,computer accessories,89,District of Columbia,,50,In Stock,03-12-17,12-05-20,
653,66,JBL Speakers,,computer accessories,82,Missouri,,80,Need New Stock,01-08-17,11-11-21,
654,48,Lenovo Screen,,electronics,97,Texas,,35,In Stock,11-17-16,10-23-21,
655,113,Mount Blanc Pen,,stationary,86,North Carolina,,25,In Stock,06-12-17,03-16-20,
656,78,Staples Paper,,stationary,94,Florida,,65,Need New Stock,03-15-17,10-19-21,
657,51,Dell Mouse,,computer accessories,91,Florida,,20,Need New Stock,05-13-17,04-03-21,
658,99,Samsung monitor,,electronics,95,Texas,,130,Sold out,09-22-16,10-30-21,
659,32,Lenovo HDMI,,computer accessories,21,Virginia,,15,In Stock,03-03-17,10-18-20,
660,116,Seagate Harddisk,,computer accessories,63,Tennessee,,95,In Stock,10-06-16,05-07-20,
661,88,dell laptop,,electronics,55,Texas,,400,Need New Stock,12-27-16,05-09-21,
662,8,Intel cpu,,electronics,28,Pennsylvania,,100,Sold out,08-13-17,07-03-21,
663,71,Dell Wifi router,,computer accessories,66,California,,50,Sold out,03-13-17,07-14-20,
664,76,JBL Speakers,,computer accessories,39,Colorado,,80,Sold out,01-24-17,09-07-20,
665,77,Lenovo Screen,,electronics,17,Indiana,,35,Sold out,11-17-16,09-29-21,
666,16,Mount Blanc Pen,,stationary,83,Texas,,25,Sold out,09-11-17,12-14-20,
667,80,Staples Paper,,stationary,30,Kentucky,,65,Need New Stock,10-25-16,12-20-20,
668,52,Dell Mouse,,computer accessories,21,North Carolina,,20,Sold out,12-31-16,08-22-21,
669,2,Samsung monitor,,electronics,98,Colorado,,130,In Stock,02-21-17,06-15-20,
670,36,Lenovo HDMI,,computer accessories,33,Arkansas,,15,Need New Stock,10-10-17,11-28-20,
671,13,Seagate Harddisk,,computer accessories,23,California,,95,Sold out,06-25-17,08-05-20,
672,91,dell laptop,,electronics,25,South Carolina,,400,Sold out,08-06-17,12-19-21,
673,15,Intel cpu,,electronics,19,Kansas,,100,In Stock,08-09-17,07-18-20,
674,72,Dell Wifi router,,computer accessories,94,Michigan,,50,In Stock,10-15-17,08-18-21,
675,79,JBL Speakers,,computer accessories,44,New York,,80,Need New Stock,03-04-17,10-09-20,
676,84,Lenovo Screen,,electronics,82,Utah,,35,Sold out,12-31-16,10-08-20,
677,17,Mount Blanc Pen,,stationary,80,Tennessee,,25,Sold out,05-09-17,02-22-21,
678,94,Staples Paper,,stationary,98,California,,65,Sold out,11-02-16,10-27-21,
679,67,Dell Mouse,,computer accessories,9,Arizona,,20,Need New Stock,08-19-17,07-03-20,
680,4,Samsung monitor,,electronics,10,District of Columbia,,130,Sold out,07-06-17,08-03-21,
681,41,Lenovo HDMI,,computer accessories,13,Iowa,,15,In Stock,01-25-17,10-20-20,
682,20,Seagate Harddisk,,computer accessories,13,New York,,95,Need New Stock,09-13-17,04-29-20,
683,101,dell laptop,,electronics,43,Georgia,,400,Sold out,03-19-17,03-31-20,
684,21,Intel cpu,,electronics,42,Arizona,,100,Need New Stock,08-26-16,06-26-20,
685,83,Dell Wifi router,,computer accessories,11,Kentucky,,50,Sold out,12-25-16,01-18-21,
686,89,JBL Speakers,,computer accessories,31,Florida,,80,Sold out,05-31-17,02-20-20,
687,96,Lenovo Screen,,electronics,69,Colorado,,35,Sold out,01-26-17,07-16-21,
688,18,Mount Blanc Pen,,stationary,27,California,,25,Need New Stock,02-10-17,08-29-20,
689,100,Staples Paper,,stationary,7,Florida,,65,Sold out,10-18-16,06-20-21,
690,75,Dell Mouse,,computer accessories,19,Pennsylvania,,20,Sold out,05-29-17,06-22-21,
691,44,Samsung monitor,,electronics,41,Tennessee,,130,Sold out,11-11-16,01-24-21,
692,53,Lenovo HDMI,,computer accessories,49,Texas,,15,Need New Stock,01-16-17,07-01-20,
693,27,Seagate Harddisk,,computer accessories,84,California,,95,Need New Stock,09-02-17,07-17-20,
694,108,dell laptop,,electronics,89,California,,400,In Stock,08-22-16,06-26-20,
695,40,Intel cpu,,electronics,57,New York,,100,Sold out,06-14-17,10-21-20,
696,85,Dell Wifi router,,computer accessories,45,New Mexico,,50,Need New Stock,09-30-17,11-26-21,
697,105,JBL Speakers,,computer accessories,29,New Mexico,,80,Need New Stock,01-13-17,12-24-21,
698,98,Lenovo Screen,,electronics,38,Utah,,35,Sold out,07-08-17,07-22-21,
699,26,Mount Blanc Pen,,stationary,24,New York,,25,Need New Stock,09-19-16,05-26-20,
700,19,Staples Paper,,stationary,19,New York,,65,Sold out,09-25-17,07-06-21,
701,97,Dell Mouse,,computer accessories,70,Nevada,,20,Sold out,10-08-16,04-28-20,
702,68,Samsung monitor,,electronics,83,Virginia,,130,Sold out,08-24-16,06-15-21,
703,57,Lenovo HDMI,,computer accessories,12,Pennsylvania,,15,Sold out,05-23-17,06-20-21,
704,45,Seagate Harddisk,,computer accessories,22,Maryland,,95,In Stock,09-06-17,09-04-20,
705,117,dell laptop,,electronics,42,Kansas,,400,In Stock,03-20-17,09-19-20,
706,56,Intel cpu,,electronics,95,Washington,,100,Sold out,08-06-16,12-11-20,
707,90,Dell Wifi router,,computer accessories,35,West Virginia,,50,Need New Stock,08-16-17,10-15-21,
708,111,JBL Speakers,,computer accessories,86,Georgia,,80,Need New Stock,10-20-17,11-29-20,
709,102,Lenovo Screen,,electronics,87,Mississippi,,35,Need New Stock,09-03-17,10-15-20,
710,29,Mount Blanc Pen,,stationary,61,District of Columbia,,25,Need New Stock,05-23-17,04-14-20,
711,54,Staples Paper,,stationary,95,Washington,,65,In Stock,04-07-17,06-15-21,
712,112,Dell Mouse,,computer accessories,73,Louisiana,,20,Need New Stock,03-01-17,01-10-21,
713,2,Samsung monitor,,electronics,71,Nevada,,130,Need New Stock,08-12-17,03-04-20,
714,106,Lenovo HDMI,,computer accessories,18,Tennessee,,15,In Stock,10-14-16,09-29-20,
715,82,Seagate Harddisk,,computer accessories,82,Texas,,95,Sold out,10-12-17,10-09-20,
716,6,dell laptop,,electronics,22,Texas,,400,Sold out,09-08-17,02-15-21,
717,62,Intel cpu,,electronics,77,California,,100,Need New Stock,04-18-17,11-16-21,
718,12,Dell Wifi router,,computer accessories,80,New York,,50,In Stock,01-07-17,10-03-21,
719,5,JBL Speakers,,computer accessories,33,Arizona,,80,Sold out,02-07-17,04-02-20,
720,115,Lenovo Screen,,electronics,93,Indiana,,35,In Stock,10-03-17,02-20-21,
721,35,Mount Blanc Pen,,stationary,57,District of Columbia,,25,In Stock,08-18-16,06-30-20,
722,73,Staples Paper,,stationary,83,Florida,,65,In Stock,02-17-17,06-07-20,
723,114,Dell Mouse,,computer accessories,79,Pennsylvania,,20,Need New Stock,11-14-16,08-04-21,
724,4,Samsung monitor,,electronics,80,Indiana,,130,Sold out,12-09-16,04-20-20,
725,110,Lenovo HDMI,,computer accessories,95,Louisiana,,15,Sold out,06-19-17,11-01-20,
726,87,Seagate Harddisk,,computer accessories,18,Ohio,,95,Sold out,12-07-16,04-02-21,
727,23,dell laptop,,electronics,17,Florida,,400,Sold out,04-19-17,10-31-20,
728,64,Intel cpu,,electronics,90,North Carolina,,100,Need New Stock,09-30-16,09-04-20,
729,22,Dell Wifi router,,computer accessories,62,Texas,,50,In Stock,08-04-16,05-17-20,
730,11,JBL Speakers,,computer accessories,63,Virginia,,80,Sold out,06-18-17,12-26-20,
731,1,Lenovo Screen,,electronics,94,Florida,,35,In Stock,09-03-16,02-12-20,
732,61,Mount Blanc Pen,,stationary,20,California,,25,Need New Stock,06-21-17,07-29-20,
733,78,Staples Paper,,stationary,92,Georgia,,65,Sold out,01-08-17,12-21-20,
734,10,Dell Mouse,,computer accessories,18,Virginia,,20,Need New Stock,12-09-16,10-26-21,
735,44,Samsung monitor,,electronics,27,North Carolina,,130,Sold out,06-20-17,06-18-20,
736,3,Lenovo HDMI,,computer accessories,93,Nevada,,15,Need New Stock,07-27-17,11-24-20,
737,92,Seagate Harddisk,,computer accessories,76,Pennsylvania,,95,Need New Stock,04-26-17,04-10-21,
738,31,dell laptop,,electronics,60,Idaho,,400,Need New Stock,02-02-17,07-23-21,
739,69,Intel cpu,,electronics,79,California,,100,Need New Stock,09-10-16,02-11-20,
740,25,Dell Wifi router,,computer accessories,45,California,,50,Need New Stock,12-10-16,03-20-20,
741,30,JBL Speakers,,computer accessories,58,Pennsylvania,,80,Sold out,12-04-16,03-12-20,
742,14,Lenovo Screen,,electronics,90,Texas,,35,Need New Stock,09-15-17,12-19-20,
743,65,Mount Blanc Pen,,stationary,21,New York,,25,In Stock,09-27-17,04-06-21,
744,80,Staples Paper,,stationary,13,Oregon,,65,In Stock,05-05-17,10-05-20,
745,24,Dell Mouse,,computer accessories,21,Texas,,20,Sold out,06-26-17,03-22-21,
746,68,Samsung monitor,,electronics,27,Michigan,,130,Need New Stock,12-02-16,12-04-21,
747,7,Lenovo HDMI,,computer accessories,52,Colorado,,15,Sold out,07-03-17,07-18-20,
748,93,Seagate Harddisk,,computer accessories,47,Alabama,,95,Need New Stock,09-12-17,04-11-20,
749,34,dell laptop,,electronics,41,Ohio,,400,In Stock,10-22-17,12-05-21,
750,86,Intel cpu,,electronics,74,Iowa,,100,Sold out,10-30-17,11-15-20,
751,49,Dell Wifi router,,computer accessories,7,Nevada,,50,Sold out,04-03-17,05-11-21,
752,33,JBL Speakers,,computer accessories,98,Kentucky,,80,Need New Stock,09-03-16,09-10-20,
753,39,Lenovo Screen,,electronics,46,California,,35,Sold out,09-07-17,07-14-20,
754,104,Mount Blanc Pen,,stationary,65,Texas,,25,Sold out,02-19-17,07-18-20,
755,94,Staples Paper,,stationary,42,Iowa,,65,In Stock,07-04-17,02-08-21,
756,37,Dell Mouse,,computer accessories,30,Missouri,,20,Need New Stock,02-11-17,07-09-20,
757,74,Samsung monitor,,electronics,92,Colorado,,130,In Stock,07-22-17,10-05-20,
758,9,Lenovo HDMI,,computer accessories,98,California,,15,Sold out,10-16-17,11-05-21,
759,109,Seagate Harddisk,,computer accessories,55,Colorado,,95,Need New Stock,09-18-17,10-16-20,
760,38,dell laptop,,electronics,81,Florida,,400,In Stock,04-15-17,11-14-20,
761,95,Intel cpu,,electronics,57,Missouri,,100,Sold out,01-08-17,09-14-21,
762,55,Dell Wifi router,,computer accessories,17,District of Columbia,,50,Sold out,07-22-17,10-04-20,
763,46,JBL Speakers,,computer accessories,45,California,,80,Need New Stock,05-21-17,03-22-20,
764,47,Lenovo Screen,,electronics,15,Florida,,35,Sold out,09-22-17,12-28-20,
765,113,Mount Blanc Pen,,stationary,94,Colorado,,25,Sold out,11-07-16,11-19-20,
766,100,Staples Paper,,stationary,10,Alabama,,65,Sold out,06-25-17,07-22-21,
767,42,Dell Mouse,,computer accessories,80,North Carolina,,20,Sold out,06-05-17,06-17-21,
768,99,Samsung monitor,,electronics,95,Texas,,130,In Stock,08-11-17,08-09-21,
769,28,Lenovo HDMI,,computer accessories,26,California,,15,Sold out,01-15-17,10-24-21,
770,116,Seagate Harddisk,,computer accessories,28,Kentucky,,95,Sold out,07-22-17,03-26-20,
771,43,dell laptop,,electronics,46,California,,400,Sold out,03-07-17,07-29-20,
772,103,Intel cpu,,electronics,38,Tennessee,,100,Sold out,10-07-17,12-22-21,
773,60,Dell Wifi router,,computer accessories,70,South Carolina,,50,Need New Stock,02-04-17,09-29-21,
774,50,JBL Speakers,,computer accessories,59,New York,,80,Need New Stock,10-17-16,09-17-21,
775,48,Lenovo Screen,,electronics,74,North Carolina,,35,Need New Stock,01-29-17,06-23-20,
776,16,Mount Blanc Pen,,stationary,23,Pennsylvania,,25,Need New Stock,08-15-17,12-29-21,
777,19,Staples Paper,,stationary,74,Georgia,,65,Need New Stock,10-26-16,04-29-20,
778,51,Dell Mouse,,computer accessories,75,Louisiana,,20,In Stock,03-29-17,04-22-21,
779,74,Samsung monitor,,electronics,86,Ohio,,130,Sold out,10-22-17,08-20-21,
780,32,Lenovo HDMI,,computer accessories,8,Wisconsin,,15,Need New Stock,06-20-17,10-22-20,
781,13,Seagate Harddisk,,computer accessories,78,Illinois,,95,Sold out,06-05-17,03-06-20,
782,59,dell laptop,,electronics,91,Florida,,400,Need New Stock,11-25-16,11-26-20,
783,107,Intel cpu,,electronics,84,Texas,,100,Need New Stock,06-18-17,08-10-20,
784,63,Dell Wifi router,,computer accessories,94,Florida,,50,Need New Stock,11-16-16,11-02-20,
785,58,JBL Speakers,,computer accessories,59,Tennessee,,80,Need New Stock,06-08-17,09-30-21,
786,77,Lenovo Screen,,electronics,17,Illinois,,35,Need New Stock,03-25-17,11-16-21,
787,17,Mount Blanc Pen,,stationary,6,District of Columbia,,25,Sold out,08-28-17,03-28-21,
788,54,Staples Paper,,stationary,76,Illinois,,65,Sold out,12-02-16,02-11-20,
789,52,Dell Mouse,,computer accessories,58,Wisconsin,,20,Sold out,08-09-17,07-06-20,
790,99,Samsung monitor,,electronics,47,Florida,,130,Need New Stock,08-18-16,07-15-21,
791,36,Lenovo HDMI,,computer accessories,92,Texas,,15,In Stock,08-22-16,06-18-20,
792,20,Seagate Harddisk,,computer accessories,59,Texas,,95,Sold out,08-06-16,01-27-21,
793,81,dell laptop,,electronics,39,Oklahoma,,400,Need New Stock,04-11-17,04-06-20,
794,8,Intel cpu,,electronics,77,Oklahoma,,100,Need New Stock,01-20-17,04-25-21,
795,70,Dell Wifi router,,computer accessories,71,Texas,,50,Sold out,06-29-17,04-26-20,
796,66,JBL Speakers,,computer accessories,51,Oregon,,80,Sold out,02-28-17,04-16-20,
797,84,Lenovo Screen,,electronics,19,Nebraska,,35,Need New Stock,08-12-16,06-21-20,
798,18,Mount Blanc Pen,,stationary,88,Mississippi,,25,Need New Stock,09-24-16,05-28-21,
799,73,Staples Paper,,stationary,21,Florida,,65,In Stock,02-11-17,08-06-20,
800,67,Dell Mouse,,computer accessories,95,Arizona,,20,Sold out,09-19-16,04-01-20,
801,2,Samsung monitor,,electronics,78,Tennessee,,130,Need New Stock,08-13-17,05-12-20,
802,41,Lenovo HDMI,,computer accessories,17,District of Columbia,,15,Sold out,05-26-17,12-25-21,
803,27,Seagate Harddisk,,computer accessories,79,Colorado,,95,In Stock,02-17-17,11-03-20,
804,88,dell laptop,,electronics,13,Florida,,400,In Stock,06-25-17,01-13-21,
805,15,Intel cpu,,electronics,63,Oregon,,100,In Stock,11-25-16,05-28-21,
806,71,Dell Wifi router,,computer accessories,47,Pennsylvania,,50,Sold out,11-26-16,05-05-20,
807,76,JBL Speakers,,computer accessories,92,Kansas,,80,Sold out,10-26-16,11-02-21,
808,96,Lenovo Screen,,electronics,18,Illinois,,35,Need New Stock,08-12-17,01-13-21,
809,26,Mount Blanc Pen,,stationary,25,Virginia,,25,In Stock,08-30-17,09-12-21,
810,78,Staples Paper,,stationary,91,New Mexico,,65,In Stock,09-28-17,05-03-20,
811,75,Dell Mouse,,computer accessories,88,Texas,,20,Need New Stock,08-29-16,08-11-21,
812,4,Samsung monitor,,electronics,70,Georgia,,130,Need New Stock,03-30-17,12-26-21,
813,53,Lenovo HDMI,,computer accessories,56,Missouri,,15,In Stock,04-16-17,05-06-20,
814,45,Seagate Harddisk,,computer accessories,71,California,,95,In Stock,12-08-16,09-16-20,
815,91,dell laptop,,electronics,33,Florida,,400,Need New Stock,04-24-17,03-29-21,
816,21,Intel cpu,,electronics,92,Montana,,100,In Stock,11-14-16,08-24-20,
817,72,Dell Wifi router,,computer accessories,84,Maryland,,50,In Stock,08-24-16,07-07-21,
818,79,JBL Speakers,,computer accessories,54,Kansas,,80,Sold out,10-12-16,02-10-20,
819,98,Lenovo Screen,,electronics,29,Pennsylvania,,35,Sold out,09-11-17,12-04-20,
820,29,Mount Blanc Pen,,stationary,83,Minnesota,,25,Sold out,03-27-17,03-28-21,
821,80,Staples Paper,,stationary,71,Arizona,,65,Need New Stock,01-14-17,02-28-21,
822,97,Dell Mouse,,computer accessories,60,California,,20,Need New Stock,03-22-17,04-16-21,
823,44,Samsung monitor,,electronics,5,Oklahoma,,130,Need New Stock,05-13-17,09-19-20,
824,57,Lenovo HDMI,,computer accessories,84,Maryland,,15,Need New Stock,09-06-16,02-27-20,
825,82,Seagate Harddisk,,computer accessories,33,New York,,95,In Stock,09-15-17,03-03-20,
826,101,dell laptop,,electronics,24,Washington,,400,Need New Stock,07-27-17,02-05-21,
827,40,Intel cpu,,electronics,54,Florida,,100,In Stock,08-14-17,05-14-20,
828,83,Dell Wifi router,,computer accessories,77,Indiana,,50,In Stock,04-22-17,10-27-20,
829,89,JBL Speakers,,computer accessories,16,District of Columbia,,80,Need New Stock,06-12-17,05-20-20,
830,102,Lenovo Screen,,electronics,36,Florida,,35,Need New Stock,10-27-17,06-20-21,
831,35,Mount Blanc Pen,,stationary,56,Texas,,25,Need New Stock,09-06-17,03-18-20,
832,94,Staples Paper,,stationary,47,Tennessee,,65,Sold out,08-06-17,09-15-20,
833,112,Dell Mouse,,computer accessories,38,California,,20,In Stock,09-15-17,08-13-20,
834,68,Samsung monitor,,electronics,77,Texas,,130,Need New Stock,07-07-17,12-10-21,
835,106,Lenovo HDMI,,computer accessories,33,Texas,,15,Sold out,08-31-16,02-15-21,
836,87,Seagate Harddisk,,computer accessories,31,Texas,,95,In Stock,10-25-16,04-03-20,
837,108,dell laptop,,electronics,41,Alabama,,400,In Stock,07-20-17,02-19-21,
838,56,Intel cpu,,electronics,68,Georgia,,100,Sold out,06-20-17,09-04-21,
839,85,Dell Wifi router,,computer accessories,68,Tennessee,,50,Sold out,11-24-16,11-07-21,
840,105,JBL Speakers,,computer accessories,28,Arizona,,80,In Stock,09-28-16,06-13-20,
841,115,Lenovo Screen,,electronics,12,Louisiana,,35,Need New Stock,08-27-16,07-23-21,
842,61,Mount Blanc Pen,,stationary,5,Texas,,25,Sold out,08-01-17,06-19-20,
843,100,Staples Paper,,stationary,95,Massachusetts,,65,Sold out,06-11-17,02-05-21,
844,114,Dell Mouse,,computer accessories,51,Texas,,20,In Stock,03-04-17,10-15-20,
845,74,Samsung monitor,,electronics,42,Virginia,,130,Need New Stock,06-21-17,05-12-21,
846,110,Lenovo HDMI,,computer accessories,64,California,,15,In Stock,04-02-17,05-31-20,
847,92,Seagate Harddisk,,computer accessories,35,Pennsylvania,,95,Sold out,09-03-17,10-20-21,
848,117,dell laptop,,electronics,22,Florida,,400,In Stock,10-06-16,10-22-20,
849,62,Intel cpu,,electronics,16,Ohio,,100,In Stock,12-27-16,10-22-20,
850,90,Dell Wifi router,,computer accessories,50,Texas,,50,Sold out,02-27-17,03-06-21,
851,111,JBL Speakers,,computer accessories,76,South Carolina,,80,Need New Stock,09-20-17,08-22-21,
852,1,Lenovo Screen,,electronics,24,Florida,,35,Need New Stock,10-28-17,09-17-20,
853,65,Mount Blanc Pen,,stationary,74,Alaska,,25,Sold out,09-02-17,11-23-20,
854,19,Staples Paper,,stationary,29,North Carolina,,65,Need New Stock,04-06-17,05-14-21,
855,10,Dell Mouse,,computer accessories,88,Oklahoma,,20,Need New Stock,07-22-17,01-26-21,
856,99,Samsung monitor,,electronics,28,Florida,,130,In Stock,10-12-16,12-07-20,
857,3,Lenovo HDMI,,computer accessories,67,Indiana,,15,Need New Stock,01-07-17,03-21-20,
858,93,Seagate Harddisk,,computer accessories,54,Florida,,95,Sold out,12-03-16,03-21-20,
859,6,dell laptop,,electronics,26,Indiana,,400,Sold out,10-21-17,10-31-20,
860,64,Intel cpu,,electronics,78,Massachusetts,,100,Sold out,10-29-16,05-20-20,
861,12,Dell Wifi router,,computer accessories,39,Florida,,50,Need New Stock,10-23-17,05-27-21,
862,5,JBL Speakers,,computer accessories,50,California,,80,Need New Stock,07-09-17,11-30-20,
863,14,Lenovo Screen,,electronics,65,Texas,,35,In Stock,06-04-17,09-06-21,
864,104,Mount Blanc Pen,,stationary,71,California,,25,Sold out,08-26-17,12-24-20,
865,54,Staples Paper,,stationary,12,California,,65,In Stock,07-19-17,08-02-20,
866,24,Dell Mouse,,computer accessories,93,Idaho,,20,In Stock,08-21-17,12-10-20,
867,2,Samsung monitor,,electronics,94,Kentucky,,130,Sold out,10-31-16,06-26-20,
868,7,Lenovo HDMI,,computer accessories,46,California,,15,In Stock,09-30-16,04-12-21,
869,109,Seagate Harddisk,,computer accessories,25,Alabama,,95,Sold out,10-12-16,08-24-20,
870,23,dell laptop,,electronics,44,Washington,,400,In Stock,03-04-17,02-04-20,
871,69,Intel cpu,,electronics,97,Texas,,100,In Stock,09-19-17,01-06-21,
872,22,Dell Wifi router,,computer accessories,95,New Jersey,,50,In Stock,09-21-16,06-17-21,
873,11,JBL Speakers,,computer accessories,82,Georgia,,80,In Stock,01-31-17,07-09-21,
874,39,Lenovo Screen,,electronics,84,Minnesota,,35,Need New Stock,09-12-16,09-14-20,
875,113,Mount Blanc Pen,,stationary,78,New York,,25,Sold out,08-29-16,03-17-21,
876,73,Staples Paper,,stationary,65,Tennessee,,65,Sold out,10-11-17,07-16-21,
877,37,Dell Mouse,,computer accessories,49,District of Columbia,,20,Need New Stock,10-03-17,08-24-21,
878,4,Samsung monitor,,electronics,55,North Carolina,,130,Sold out,07-16-17,04-27-21,
879,9,Lenovo HDMI,,computer accessories,76,Alaska,,15,In Stock,09-25-17,07-09-20,
880,116,Seagate Harddisk,,computer accessories,24,Ohio,,95,Need New Stock,09-13-16,06-17-21,
881,31,dell laptop,,electronics,54,District of Columbia,,400,Sold out,12-27-16,12-28-20,
882,86,Intel cpu,,electronics,90,Pennsylvania,,100,In Stock,07-05-17,09-06-20,
883,25,Dell Wifi router,,computer accessories,99,Colorado,,50,Need New Stock,03-22-17,01-29-21,
884,30,JBL Speakers,,computer accessories,48,Nevada,,80,Sold out,12-27-16,05-21-21,
885,47,Lenovo Screen,,electronics,85,Michigan,,35,In Stock,09-18-17,03-30-21,
886,16,Mount Blanc Pen,,stationary,20,North Carolina,,25,Need New Stock,10-29-16,06-16-20,
887,78,Staples Paper,,stationary,75,Louisiana,,65,Sold out,05-28-17,01-19-21,
888,42,Dell Mouse,,computer accessories,20,Ohio,,20,In Stock,03-29-17,07-09-20,
889,44,Samsung monitor,,electronics,92,California,,130,Need New Stock,04-24-17,04-09-20,
890,28,Lenovo HDMI,,computer accessories,42,Indiana,,15,Need New Stock,06-28-17,02-19-20,
891,13,Seagate Harddisk,,computer accessories,89,Colorado,,95,Need New Stock,04-11-17,02-22-21,
892,34,dell laptop,,electronics,14,Nevada,,400,In Stock,09-09-17,08-17-21,
893,95,Intel cpu,,electronics,28,Ohio,,100,Need New Stock,06-27-17,12-22-21,
894,49,Dell Wifi router,,computer accessories,52,Massachusetts,,50,Sold out,05-09-17,07-22-21,
895,33,JBL Speakers,,computer accessories,60,New York,,80,Sold out,10-28-17,03-12-20,
896,48,Lenovo Screen,,electronics,14,Alaska,,35,Need New Stock,03-26-17,04-30-20,
897,17,Mount Blanc Pen,,stationary,43,Ohio,,25,Sold out,10-11-16,11-07-20,
898,80,Staples Paper,,stationary,26,Iowa,,65,In Stock,05-14-17,11-01-20,
899,51,Dell Mouse,,computer accessories,72,Florida,,20,In Stock,08-19-17,02-09-20,
900,68,Samsung monitor,,electronics,33,District of Columbia,,130,In Stock,10-29-17,02-24-21,
901,32,Lenovo HDMI,,computer accessories,48,Utah,,15,Sold out,07-03-17,04-09-20,
902,20,Seagate Harddisk,,computer accessories,54,Iowa,,95,Sold out,12-05-16,12-07-20,
903,38,dell laptop,,electronics,52,Pennsylvania,,400,In Stock,06-13-17,11-06-21,
904,103,Intel cpu,,electronics,28,Maryland,,100,Need New Stock,08-02-16,01-20-21,
905,55,Dell Wifi router,,computer accessories,72,Maryland,,50,In Stock,01-28-17,11-13-21,
906,46,JBL Speakers,,computer accessories,36,Arkansas,,80,Need New Stock,05-14-17,11-01-20,
907,77,Lenovo Screen,,electronics,9,Connecticut,,35,Need New Stock,05-01-17,09-27-21,
908,18,Mount Blanc Pen,,stationary,14,Ohio,,25,Sold out,10-09-16,05-01-21,
909,94,Staples Paper,,stationary,13,Texas,,65,In Stock,10-13-17,10-11-20,
910,52,Dell Mouse,,computer accessories,85,Arkansas,,20,Sold out,05-10-17,06-11-20,
911,74,Samsung monitor,,electronics,23,Kentucky,,130,Need New Stock,03-25-17,02-16-20,
912,36,Lenovo HDMI,,computer accessories,22,Missouri,,15,In Stock,10-07-16,07-03-21,
913,27,Seagate Harddisk,,computer accessories,89,California,,95,Sold out,08-20-16,02-02-21,
914,43,dell laptop,,electronics,28,Arkansas,,400,In Stock,01-23-17,08-06-20,
915,107,Intel cpu,,electronics,74,Ohio,,100,Need New Stock,08-02-17,07-20-20,
916,60,Dell Wifi router,,computer accessories,27,New York,,50,In Stock,09-30-16,08-24-21,
917,50,JBL Speakers,,computer accessories,33,Pennsylvania,,80,Sold out,10-02-17,05-05-21,
918,84,Lenovo Screen,,electronics,59,Florida,,35,Need New Stock,01-12-17,11-14-21,
919,26,Mount Blanc Pen,,stationary,39,Connecticut,,25,In Stock,02-13-17,07-09-21,
920,100,Staples Paper,,stationary,26,Illinois,,65,In Stock,06-10-17,08-01-21,
921,67,Dell Mouse,,computer accessories,89,Florida,,20,Sold out,01-21-17,12-13-20,
922,99,Samsung monitor,,electronics,84,Oregon,,130,Need New Stock,07-18-17,06-18-20,
923,41,Lenovo HDMI,,computer accessories,18,New York,,15,Need New Stock,06-17-17,08-10-21,
924,45,Seagate Harddisk,,computer accessories,6,Louisiana,,95,Sold out,06-06-17,12-31-21,
925,59,dell laptop,,electronics,77,California,,400,Sold out,08-16-16,05-15-21,
926,8,Intel cpu,,electronics,79,Texas,,100,Need New Stock,05-31-17,10-25-20,
927,63,Dell Wifi router,,computer accessories,29,Florida,,50,In Stock,08-05-17,07-09-21,
928,58,JBL Speakers,,computer accessories,100,Alabama,,80,Need New Stock,12-30-16,03-05-20,
929,96,Lenovo Screen,,electronics,41,Indiana,,35,In Stock,02-16-17,11-17-20,
930,29,Mount Blanc Pen,,stationary,40,Tennessee,,25,In Stock,08-10-16,07-13-20,
931,19,Staples Paper,,stationary,41,Texas,,65,In Stock,11-26-16,07-18-20,
932,75,Dell Mouse,,computer accessories,77,New York,,20,Need New Stock,11-20-16,03-01-20,
933,2,Samsung monitor,,electronics,46,Illinois,,130,Sold out,10-03-16,04-10-20,
934,53,Lenovo HDMI,,computer accessories,43,Florida,,15,In Stock,07-26-17,02-18-21,
935,82,Seagate Harddisk,,computer accessories,7,North Carolina,,95,In Stock,09-23-16,10-22-21,
936,81,dell laptop,,electronics,20,Missouri,,400,Need New Stock,10-16-17,06-10-20,
937,15,Intel cpu,,electronics,63,Texas,,100,Need New Stock,12-19-16,03-07-20,
938,70,Dell Wifi router,,computer accessories,46,Arizona,,50,Need New Stock,10-03-16,09-11-21,
939,66,JBL Speakers,,computer accessories,50,California,,80,Need New Stock,09-06-16,07-22-20,
940,98,Lenovo Screen,,electronics,25,California,,35,Sold out,07-23-17,03-17-21,
941,35,Mount Blanc Pen,,stationary,83,Florida,,25,Sold out,11-09-16,10-14-20,
942,54,Staples Paper,,stationary,99,Pennsylvania,,65,Need New Stock,08-12-17,10-02-20,
943,97,Dell Mouse,,computer accessories,46,Virginia,,20,Need New Stock,01-20-17,01-13-21,
944,4,Samsung monitor,,electronics,29,Texas,,130,Sold out,09-08-16,08-28-20,
945,57,Lenovo HDMI,,computer accessories,28,Florida,,15,In Stock,10-21-16,09-13-21,
946,87,Seagate Harddisk,,computer accessories,80,Michigan,,95,Need New Stock,03-17-17,08-02-20,
947,88,dell laptop,,electronics,28,New Hampshire,,400,Sold out,09-11-16,08-01-21,
948,21,Intel cpu,,electronics,51,New York,,100,Sold out,09-12-17,06-28-21,
949,71,Dell Wifi router,,computer accessories,26,Idaho,,50,Sold out,09-23-17,02-08-21,
950,76,JBL Speakers,,computer accessories,82,Georgia,,80,In Stock,09-29-17,08-22-20,
951,102,Lenovo Screen,,electronics,74,Florida,,35,Need New Stock,08-14-17,07-17-20,
952,61,Mount Blanc Pen,,stationary,41,Michigan,,25,Sold out,08-22-17,12-31-20,
953,73,Staples Paper,,stationary,40,Maryland,,65,Sold out,08-10-17,09-18-20,
954,112,Dell Mouse,,computer accessories,67,California,,20,Sold out,02-16-17,11-14-20,
955,44,Samsung monitor,,electronics,91,District of Columbia,,130,Sold out,08-30-17,08-14-20,
956,106,Lenovo HDMI,,computer accessories,99,New York,,15,Sold out,03-15-17,11-16-21,
957,92,Seagate Harddisk,,computer accessories,16,Michigan,,95,In Stock,09-10-16,08-10-21,
958,91,dell laptop,,electronics,95,Florida,,400,Sold out,11-05-16,03-26-20,
959,40,Intel cpu,,electronics,82,New Mexico,,100,Sold out,09-23-17,10-09-20,
960,72,Dell Wifi router,,computer accessories,75,District of Columbia,,50,Sold out,09-24-17,02-03-20,
961,79,JBL Speakers,,computer accessories,36,California,,80,In Stock,03-07-17,06-13-20,
962,115,Lenovo Screen,,electronics,75,Oklahoma,,35,In Stock,10-28-17,08-14-21,
963,65,Mount Blanc Pen,,stationary,45,District of Columbia,,25,In Stock,04-18-17,11-21-20,
964,78,Staples Paper,,stationary,96,Florida,,65,Need New Stock,05-04-17,10-08-20,
965,114,Dell Mouse,,computer accessories,92,Utah,,20,Sold out,10-29-16,08-20-20,
966,68,Samsung monitor,,electronics,52,Tennessee,,130,In Stock,09-22-16,06-26-21,
967,110,Lenovo HDMI,,computer accessories,66,Washington,,15,Sold out,06-11-17,08-15-21,
968,93,Seagate Harddisk,,computer accessories,22,Ohio,,95,Need New Stock,08-02-16,11-21-20,
969,101,dell laptop,,electronics,76,California,,400,Need New Stock,05-23-17,11-14-20,
970,56,Intel cpu,,electronics,42,Utah,,100,Sold out,03-06-17,07-20-21,
971,83,Dell Wifi router,,computer accessories,84,Florida,,50,Sold out,09-15-17,09-09-21,
972,89,JBL Speakers,,computer accessories,75,Texas,,80,Need New Stock,09-09-16,05-17-20,
973,1,Lenovo Screen,,electronics,39,North Carolina,,35,In Stock,01-03-17,08-12-20,
974,104,Mount Blanc Pen,,stationary,48,Florida,,25,Need New Stock,04-02-17,05-18-21,
975,80,Staples Paper,,stationary,40,Illinois,,65,Sold out,04-28-17,07-28-21,
976,11,Dell Mouse,,computer accessories,84,California,,50,In Stock,10-28-16,11-19-21,
977,74,Samsung monitor,,electronics,19,California,,130,Sold out,08-24-17,12-31-20,
978,3,Lenovo HDMI,,computer accessories,8,Texas,,15,Sold out,11-11-16,04-22-21,
979,109,Seagate Harddisk,,computer accessories,51,Florida,,95,In Stock,07-09-17,12-07-21,
980,108,dell laptop,,electronics,84,California,,400,Sold out,08-27-16,05-29-20,
981,62,Intel cpu,,electronics,77,Pennsylvania,,100,In Stock,06-27-17,03-13-20,
982,85,Dell Wifi router,,computer accessories,18,Kentucky,,50,Need New Stock,09-01-16,12-15-21,
983,105,JBL Speakers,,computer accessories,38,Connecticut,,80,Need New Stock,10-27-17,08-29-21,
984,14,Lenovo Screen,,electronics,81,Kentucky,,35,In Stock,06-15-17,08-21-21,
985,113,Mount Blanc Pen,,stationary,39,California,,25,Sold out,10-30-16,08-27-20,
986,94,Staples Paper,,stationary,74,Washington,,65,In Stock,04-18-17,06-06-21,
987,10,Dell Mouse,,computer accessories,42,Florida,,50,In Stock,11-15-16,07-18-21,
988,99,Samsung monitor,,electronics,100,Iowa,,130,In Stock,10-30-17,08-27-20,
989,7,Lenovo HDMI,,computer accessories,76,New York,,15,In Stock,09-10-16,05-04-20,
990,116,Seagate Harddisk,,computer accessories,97,California,,95,In Stock,12-13-16,06-25-20,
991,117,dell laptop,,electronics,16,Alabama,,400,Sold out,10-01-17,11-29-21,
992,64,Intel cpu,,electronics,67,New York,,100,Need New Stock,01-19-17,09-23-20,
993,90,Dell Wifi router,,computer accessories,53,Vermont,,50,In Stock,11-20-16,08-28-20,
994,111,JBL Speakers,,computer accessories,69,New York,,80,Need New Stock,08-07-17,05-11-21,
995,39,Lenovo Screen,,electronics,41,Kansas,,35,Sold out,03-09-17,08-21-21,
996,16,Mount Blanc Pen,,stationary,22,Texas,,25,Sold out,04-22-17,09-27-20,
997,100,Staples Paper,,stationary,85,South Carolina,,65,Sold out,10-16-17,10-07-20,
998,24,Dell Mouse,,computer accessories,41,Illinois,,50,Sold out,12-17-16,07-31-20,
999,65,Samsung monitor,,electronics,95,Minnesota,,130,In Stock,12-08-16,07-01-20,
1000,9,Lenovo HDMI,,computer accessories,46,Virginia,,15,Need New Stock,06-04-17,08-11-20,
